,std_AP_COM,std_ML_COM,std_vertical_COM,std_AP_vCOM,std_ML_vCOM,std_vertical_vCOM,max_AP_vCOM,max_ML_vCOM,std_vertical_aCOM,max_ML_aCOM,max_AP_aCOM,SS_duration_ratio,DS_duration_ratio,std_length,std_width,max_clearance,std_AP_COP,std_ML_COP,std_ML_vCOP,max_ML_vCOP,std_AP_vCOP,max_AP_vCOP,std_AP_aCOP,std_ML_aCOP,std_AP_xCOM,std_ML_xCOM,std_vertical_xCOM,mean_AP_MOS,mean_ML_MOS,std_AP_MOS,std_ML_MOS,mean_ML_SS_MOS,mean_ML_DS_MOS,max_ML_MOS,min_AP_MOS,min_ML_MOS,ROM_ML_MOS,mean_AP_IA,mean_ML_IA,std_AP_IA,std_ML_IA,target_performance
0,225.3941,13.7379,14.4676,242.3234,225.1918,320.1764,2016.8228,420.6908,6592.8798,7296.3963,9585.3182,0.85981,0.14019,230.274,19.9427,148.822,0.16012,0.041135,2.5551,23.3412,7.6878,3.057,3260.3706,1070.0913,0.21749,0.029916,0.054288,-308.644,-13.9262,159.6937,49.7413,-31.0797,91.2821,109.7167,-665.7725,-91.1755,200.8921,-0.45788,3.7046,7.853,1.8426,Good
1,215.7082,9.1494,14.0027,191.5432,213.8965,313.8283,2479.8239,337.6102,7378.86,8115.5177,9947.6646,0.60377,0.39623,225.83,22.6035,131.2245,0.17906,0.040463,2.9095,1.4785,9.193,4.2557,4532.9321,1420.7729,0.19719,0.032831,0.053556,-224.9415,8.5019,88.2713,63.7174,-30.8804,68.513,103.2227,-442.3681,-98.9281,202.1508,-0.52331,-4.174,7.5574,2.0009,Good
2,211.0191,11.8203,13.4648,191.841,201.5645,287.8133,2372.1007,377.299,6408.1304,2837.3388,7292.8728,0.87156,0.12844,226.0876,19.0583,158.764,0.049606,0.034165,4.6749,48.0839,4.2641,0.10213,16508.0521,2610.2011,0.19425,0.026574,0.048441,-343.2944,-27.0421,205.7918,46.2052,-35.3796,29.5339,78.0296,-863.1321,-132.8963,210.9258,17.7897,-6.2045,2.4831,1.1891,Good
3,214.4471,11.5293,15.4618,158.5032,249.4564,384.171,3295.6795,441.1573,9757.4346,3001.5304,10284.6795,0.61321,0.38679,225.339,15.7322,118.2715,0.15728,0.039275,2.5403,21.3275,6.9578,59.8856,3041.5046,1086.1186,0.21046,0.03162,0.060278,-241.4426,9.2459,100.9885,65.4238,-27.4358,67.3999,116.4495,-480.5285,-115.1524,231.6019,-1.0759,3.8958,6.9163,1.8174,Good
4,216.1303,11.9675,14.2662,207.3971,203.7496,351.7096,3372.2676,239.5329,8667.4871,6478.9886,9657.4711,0.84906,0.15094,228.9883,21.2631,145.0239,0.1703,0.040133,2.7426,4.3599,9.3319,77.4863,4492.233,1310.4829,0.19835,0.022976,0.054581,-354.7845,-17.1524,215.6299,53.3857,-34.73,81.7217,100.7814,-910.2079,-133.6831,234.4645,0.0056386,-3.6777,7.7185,1.859,Good
5,203.9499,8.5361,12.9901,217.0504,262.4736,342.7059,2786.9649,425.7384,9619.1872,8527.3669,9024.2561,0.6729,0.3271,215.7354,21.3813,118.2779,0.16291,0.038712,3.1315,2.3371,8.729,5.991,4993.4433,1757.0697,0.18589,0.035527,0.048383,-215.6879,3.4327,94.2512,66.2098,-32.9136,78.2021,110.1942,-442.4958,-105.4493,215.6436,-0.37022,-3.9991,6.8835,1.9429,Good
6,201.1459,11.7342,12.5715,211.469,264.5131,323.8738,2716.2553,466.2643,8454.9289,3656.3127,11242.8288,0.84259,0.15741,212.244,24.9777,129.4134,0.15924,0.040171,2.6875,20.0799,7.3982,11.7699,3553.3362,1266.4356,0.18212,0.030539,0.0452,-271.5592,-20.1727,130.7069,48.8363,-34.245,55.1556,104.1789,-577.2806,-105.9855,210.1644,-0.37038,3.5085,6.5269,1.8282,Good
7,195.0945,10.3345,11.6406,209.0085,224.375,309.3717,2628.1212,289.1374,8546.8188,37680.7045,12271.1451,0.82407,0.17593,207.8737,25.2476,112.3229,0.029431,0.022385,1.3988,2.6388,1.888,3.4281,920.1438,689.2576,0.17697,0.025463,0.044392,-293.8285,-12.2838,179.5446,52.7437,-28.3982,63.1996,100.7116,-814.2118,-114.4803,215.1919,12.6761,1.508,0.67371,1.5069,Good
8,205.797,8.0417,12.4667,174.6809,218.8895,316.1048,3181.0372,344.7267,8216.5507,2653.4165,8745.0348,0.60185,0.39815,215.8239,16.6313,118.7965,0.16084,0.034639,2.3438,19.9572,7.1811,62.6853,3287.0632,1049.3906,0.1947,0.029708,0.048349,-211.0009,5.972,87.8428,57.3992,-17.8807,42.0285,93.4114,-425.7761,-95.2926,188.704,-0.52718,3.3093,6.7212,1.7112,Good
9,211.5303,11.6944,12.7344,217.4247,222.2096,302.5785,3234.6896,314.3259,7593.967,7646.2827,10011.7629,0.76991,0.23009,220.8539,18.8733,136.0623,0.20584,0.049741,1.7166,0.20172,5.9672,25.8807,895.5901,271.6279,0.19528,0.026214,0.044353,-308.6469,-7.9285,210.4011,58.9159,-28.0516,59.4066,120.8096,-854.0973,-111.2211,232.0307,-1.3901,-2.8642,8.5786,2.3887,Good
10,193.386,11.4011,13.1371,161.5297,315.0008,332.2506,2532.4576,502.6086,8958.7079,7393.5936,7492.6752,0.65138,0.34862,207.7633,27.5633,112.5036,0.14868,0.047625,3.2207,5.8315,6.9809,12.6561,3686.8292,1654.9813,0.18277,0.043057,0.049633,-180.1642,0.56218,87.6629,73.3715,-42.8986,81.7653,112.2789,-394.2066,-111.9336,224.2125,0.040282,-4.647,5.8474,2.2863,Good
11,195.8428,17.0966,12.4269,181.0451,288.8542,304.0428,2507.6224,558.3111,7971.0022,4748.9045,11081.3298,0.81081,0.18919,205.4636,32.3641,137.8954,0.15584,0.053488,3.4353,31.068,7.9969,12.1999,4332.6453,1835.3447,0.18197,0.030867,0.044753,-231.4385,-10.392,126.5608,50.8909,-31.7339,81.0732,102.3102,-527.4675,-91.3303,193.6406,0.062329,3.9077,6.396,2.3636,Good
12,197.9317,12.9961,12.1534,240.7457,185.432,282.4145,1657.4351,111.9585,6803.8891,6450.4134,56805.4755,0.83784,0.16216,204.513,25.4867,111.3776,0.0321,0.023541,1.4016,1.5272,1.9227,2.104,919.2693,676.856,0.17587,0.017838,0.03995,-292.0463,-3.5878,188.2496,48.2044,-16.4303,62.7651,96.1972,-772.3111,-123.4354,219.6326,10.7399,1.8337,0.47513,1.6168,Good
13,173.5901,6.8327,10.7886,232.6141,233.8377,307.7311,3208.5682,447.5754,7314.7608,8856.9221,28403.25,0.89,0.11,195.8876,24.4123,126.0096,0.052391,0.0042216,0.28007,2.4718,0.69242,5.9919,1351.1455,543.6066,0.15141,0.034943,0.045809,-211.8168,-25.2461,109.4593,47.9005,-38.0111,78.0336,103.5302,-452.9743,-98.2693,201.7995,1.7276,-4.3248,7.1209,0.34961,Good
14,197.1618,14.8725,13.8998,176.5264,264.284,339.6653,3071.907,503.652,9003.3713,3630.3053,11592.7108,0.80508,0.19492,210.828,21.1547,112.7481,0.14599,0.043185,2.2848,15.4082,5.5447,38.4508,2426.921,977.9414,0.19185,0.027519,0.049199,-232.653,-2.3361,135.4505,45.4202,-15.3135,51.2661,107.145,-553.0621,-109.0298,216.1748,-1.138,3.3712,6.2154,1.8471,Good
15,197.9609,10.9906,11.6824,209.9796,239.7621,302.3621,3247.8446,356.144,7990.6013,10131.0806,10453.8687,0.67273,0.32727,211.0389,16.225,127.7352,0.17518,0.045072,2.5841,3.2208,8.4306,76.6292,4351.3072,1321.3701,0.1774,0.028052,0.042856,-244.0284,-6.9655,206.3147,72.5992,-40.8349,62.6551,118.3895,-829.6418,-117.9266,236.3161,-0.50471,-3.7644,7.056,2.1292,Good
16,199.2711,10.3587,11.5544,141.9244,295.6281,299.4554,3072.447,410.1336,7193.9521,4039.8204,8210.3689,0.65766,0.34234,204.0364,22.0622,113.4525,0.14591,0.040157,3.2719,27.7862,8.2693,71.3268,4147.2791,1619.2226,0.19449,0.040115,0.042754,-238.0865,-3.8091,177.1477,70.3877,-43.5383,72.5128,103.3146,-768.1305,-119.302,222.6165,-0.2902,4.0653,6.8641,1.9629,Good
17,212.1721,15.0438,13.6227,259.1407,252.8536,333.6392,2327.5861,475.9108,8205.858,10411.1004,14486.172,0.90435,0.095652,219.543,18.8321,154.1386,0.056641,0.0084454,0.19805,0.68536,0.40427,0.61138,55.3782,36.8343,0.20148,0.026979,0.047388,-267.5929,-12.2954,152.8546,40.4604,-22.39,83.1443,109.3737,-620.4441,-83.9365,193.3102,-2.6247,4.0716,9.1058,0.47559,Good
18,208.786,11.4723,12.3226,216.9261,223.3819,311.6664,2705.6949,281.498,7565.6894,7350.9041,10499.462,0.71171,0.28829,218.8323,15.7855,126.5292,0.18963,0.044906,2.8326,4.4698,8.8833,14.3721,4831.0549,1510.7472,0.18864,0.02476,0.044592,-235.581,-1.7561,120.7529,55.4022,-23.523,51.9809,106.4302,-553.0596,-103.7286,210.1588,-0.23109,-3.5649,7.2,2.1299,Good
19,200.0927,8.6942,12.1934,235.7535,246.9938,306.6276,2573.3205,345.8883,8231.359,4120.9681,11439.9605,0.8125,0.1875,211.872,19.5955,136.8506,0.1749,0.040497,2.6678,25.0329,9.1558,7.3076,5164.9008,1502.2331,0.17606,0.033852,0.044073,-228.8537,-19.873,119.4426,49.6096,-32.7517,35.9345,102.9455,-509.6966,-104.3035,207.249,-0.60689,3.1492,6.8531,1.9983,Good
20,193.0659,13.1734,11.6108,265.6422,239.2186,293.1993,1510.0345,188.296,7444.7108,6972.3016,61039.5226,0.81982,0.18018,203.4743,21.556,113.287,0.027463,0.019131,1.1341,2.1145,1.6261,3.0003,713.3953,504.1695,0.17053,0.024891,0.041852,-268.8623,-13.5319,185.3293,56.3562,-33.2973,76.4007,111.8049,-757.4797,-126.9326,238.7375,11.2553,1.8785,0.56721,1.1359,Good
21,204.2471,12.7511,12.6431,180.1657,254.1198,338.0894,3301.5053,345.3579,9599.6279,8915.4001,12936.285,0.92857,0.071429,213.6016,19.622,138.9398,0.0,0.0,0.0,0.0,0.0,0.0,163.7679,231.0211,0.19514,0.027301,0.048015,-242.141,-23.5038,144.8133,39.241,-31.4391,79.6551,111.4635,-570.5349,-84.9501,196.4137,8.12286956521739,8.12286956521739,8.12286956521739,8.12286956521739,Good
22,204.59,9.3707,13.6334,197.552,257.2174,366.5806,3404.0658,407.1887,10013.4449,6313.4666,10854.3554,0.63636,0.36364,217.0154,17.2103,118.3653,0.073068,0.019004,1.4751,12.205,1.1483,9.0983,1030.8569,818.8335,0.19145,0.031613,0.050907,-204.0965,14.6864,96.0591,59.315,-19.0624,73.747,106.5114,-426.1123,-106.1351,212.6465,1.3592,3.8435,7.7613,0.7132,Good
23,214.5444,12.6331,13.4986,227.3439,260.6715,343.3325,3437.5962,379.9352,9280.0578,9126.0195,13278.2891,0.82759,0.17241,222.1283,23.4909,137.7044,0.19635,0.051059,4.7958,37.5925,16.597,79.5469,9941.7878,2935.5117,0.2022,0.028709,0.047482,-332.6752,-14.3633,220.3215,58.5918,-35.0249,84.8127,109.7948,-847.4258,-121.4518,231.2465,-1.9909,-3.1554,7.8316,2.3674,Good
24,188.1487,13.247,13.5739,279.0522,212.4022,337.2339,1774.3935,422.8138,8299.5911,9264.4516,13940.9822,0.76636,0.23364,199.453,23.2781,101.1402,0.23734,0.012366,2.581,26.7278,76.0987,786.4439,47236.4506,1619.2727,0.17925,0.021971,0.046853,-178.6687,7.9357,115.0153,46.4647,-7.2475,57.7366,117.0941,-460.5361,-105.4558,222.5499,-4.2425,3.3098,8.451,0.43836,Bad
25,195.3502,10.1522,11.4947,159.9088,200.1149,292.9873,2548.5364,299.1956,7640.4937,5717.6179,7539.8103,0.66667,0.33333,199.8966,14.3783,124.3981,0.19607,0.046124,1.8105,1.8553,6.0999,6.0521,2589.1904,779.6404,0.1831,0.022895,0.041602,-147.1477,4.7792,79.6073,56.5496,-18.478,51.2936,110.1781,-343.7586,-100.0539,210.232,0.14242,-3.3397,7.1042,2.4361,Bad
26,179.1496,9.2017,14.2527,235.9069,220.7705,369.4871,2292.5696,366.7545,9593.7945,4809.4279,10832.6974,0.69444,0.30556,195.5702,11.8565,105.7346,0.19046,0.050768,1.6994,7.3748,5.8581,0.051844,1023.0657,360.5485,0.15962,0.026635,0.05293,-111.7837,12.2791,68.7862,63.8155,-18.8846,83.1057,135.6287,-280.6336,-127.2992,262.9278,-0.70156,2.6133,8.3137,2.8041,Bad
27,187.2318,11.2171,12.514,142.1962,266.5449,303.9094,2189.3197,329.0029,7656.7735,8070.0522,38641.4187,0.77982,0.22018,191.9874,18.8857,126.6986,0.16078,0.047473,1.9599,0.94547,4.9285,2.0153,1793.0161,721.0791,0.17886,0.033159,0.042262,-177.7623,-13.3355,134.1334,62.4909,-40.2019,81.8164,113.4957,-525.9522,-102.9347,216.4305,0.041186,-4.2313,6.5623,2.5161,Bad
28,183.2587,15.675,13.5172,252.8798,249.9446,352.1422,3054.6005,269.3789,8174.0035,8582.2916,46324.3347,0.90265,0.097345,194.8356,28.8547,129.3045,0.34131,0.025872,2.9227,0.14507,42.1602,1.3494,27019.4956,1875.0002,0.16988,0.024205,0.050118,-135.8297,-0.56394,112.5071,38.4043,-11.4457,100.3392,108.9047,-406.3257,-56.0869,164.9915,1.1806,-4.7125,7.4313,0.63443,Bad
29,182.5898,9.907,11.9322,168.0827,216.8058,314.9778,2904.3466,339.2441,9113.7689,4407.3155,10066.5263,0.81818,0.18182,191.042,11.4312,85.9704,0.15558,0.043717,2.0341,11.9749,5.9261,36.3503,2202.7174,733.9489,0.17205,0.024831,0.043883,-169.077,-7.5744,108.7002,44.6,-19.3584,45.4536,104.0153,-428.1282,-90.4056,194.4209,-0.025393,2.9317,6.6216,2.3151,Bad
30,193.5895,14.5724,14.1077,230.6725,232.7003,329.0733,3009.7091,298.6873,8007.7902,8106.9887,13385.248,0.73554,0.26446,204.6703,13.8744,142.9986,0.13782,0.040206,1.6717,0.36048,5.21,36.3503,1372.9297,445.2299,0.18503,0.023031,0.045436,-162.0658,17.6727,120.5192,46.8104,4.946,53.0691,119.6705,-493.18,-121.1896,240.8601,-0.33392,-3.118,7.4009,1.7761,Bad
31,205.7554,9.3283,11.0688,217.9177,225.8195,307.4197,3280.8958,355.6009,7775.2064,4331.5991,12762.9857,0.64706,0.35294,209.7491,17.3317,101.3987,0.19909,0.03885,1.6952,12.9342,6.4112,48.7669,2563.9152,672.1615,0.19301,0.026239,0.041995,-267.0558,-9.3593,226.9479,70.6367,-37.765,42.7178,109.559,-815.5167,-108.8929,218.4519,-0.95533,2.8335,7.5617,2.0389,Bad
32,181.3466,12.1122,12.7299,249.6897,252.7771,325.0991,2373.3523,450.3645,8172.3867,7943.6137,13335.9899,0.70909,0.29091,190.973,17.6836,90.652,0.052455,0.0024374,0.12414,0.56744,0.41748,0.25016,45.795,16.4123,0.164,0.026715,0.042652,-122.748,11.3182,69.2279,61.0383,-15.2369,76.046,125.3659,-293.0551,-124.8176,250.1835,-4.2518,3.827,8.3639,0.79738,Bad
33,177.5104,9.8315,10.7275,198.1585,271.1028,291.6776,2374.0571,424.4231,7625.4171,6511.499,9161.104,0.8,0.2,191.4223,21.581,128.5265,0.15773,0.043761,1.9613,2.9896,4.936,1.9843,2375.6474,945.4813,0.16069,0.032989,0.039844,-133.6389,-13.9064,100.7484,57.5357,-35.7409,73.4314,115.9241,-401.9826,-96.0203,211.9444,-0.60004,-3.9902,6.3413,2.3663,Bad
34,181.1608,14.0643,15.3668,205.6646,303.0344,382.5713,2254.5106,503.1062,9959.8165,5367.5001,10461.0935,0.72269,0.27731,194.5572,20.3578,102.9245,0.12056,0.039141,5.3716,54.9457,13.5663,3.6512,8690.658,3430.9293,0.17424,0.033278,0.052589,-74.3178,6.0797,62.8715,64.5631,-23.6225,83.4856,133.75,-242.4482,-92.0589,225.8089,-1.5177,4.0045,8.2003,2.0892,Bad
35,181.3008,15.8375,14.2271,155.3448,287.8808,352.6812,2453.0507,293.8933,9174.2608,10108.7316,30895.4059,0.85321,0.14679,192.4119,27.7372,117.4716,0.08581,0.033363,4.9943,46.6245,9.7415,84.8191,5560.5181,3011.435,0.17271,0.028172,0.045486,-178.3443,-18.3962,137.1219,48.6627,-31.6726,58.7728,103.5778,-517.1271,-95.3086,198.8865,-1.5741,-1.3251,7.576,3.7584,Bad
36,176.1126,9.7502,12.4989,243.6769,256.2128,330.5511,2961.4516,411.7947,8551.5135,9687.7405,47964.471,0.78704,0.21296,190.3786,25.1238,96.3286,0.046161,0.0042325,0.17175,1.1757,0.47472,1.7181,77.5812,36.6071,0.16139,0.032844,0.047449,-113.4562,4.6306,77.2137,61.6372,-21.2446,100.2566,125.9749,-293.3032,-125.4123,251.3872,4.0925,-4.9279,8.4128,0.56244,Bad
37,183.8566,15.5464,12.4231,154.573,269.408,312.7224,2829.3935,502.1766,8203.2179,5790.8496,8812.6718,0.70909,0.29091,190.8433,24.0927,118.3106,0.16798,0.055379,2.1039,14.2049,4.5877,31.1988,1773.7678,786.4367,0.1736,0.027681,0.043948,-148.8313,13.066,86.6612,58.3914,-18.2199,89.3255,113.8134,-361.1651,-109.5744,223.3878,-0.2904,3.2883,6.1566,2.7588,Bad
38,177.2434,10.0758,11.8098,205.721,227.5855,318.9322,2915.4236,330.6225,7938.7668,6518.1501,8111.9647,0.66355,0.33645,193.45,19.493,103.9988,0.15528,0.040307,2.0366,0.13421,5.9485,50.8981,2597.5099,885.0381,0.15738,0.026161,0.045508,-197.5008,-6.9436,198.3239,75.031,-41.5426,61.2933,121.4257,-733.7266,-120.6813,242.107,0.71458,-3.5065,6.2166,2.0861,Bad
39,186.4644,12.9577,12.1535,197.1414,242.6274,276.8285,2834.1388,429.0099,7696.1631,4488.4528,7342.8076,0.79279,0.20721,190.5393,20.6033,126.9442,0.17043,0.049518,2.005,15.8431,5.334,41.8778,2215.2057,843.9456,0.16694,0.026375,0.037912,-256.9012,-20.4165,214.1273,71.6072,-45.7557,76.5334,122.6882,-706.1928,-128.8561,251.5443,0.52704,2.891,6.4546,2.486,Bad
40,78.0685,4.9752,9.8185,503.5464,97.3878,100.9121,1299.3541,49.6528,8818.8799,-3430.5149,-3145.5005,0.81651,0.18349,188.5906,17.8726,65.8342,0.04506,0.0024306,0.12697,0.4756,0.54224,0.0064465,270.7576,104.1094,0.11963,0.017296,0.013059,-40.8788,-1.0839,56.0993,96.7531,-68.1457,92.8026,133.5745,-179.7092,-109.7853,243.3598,4.9182,3.6898,3.3573,0.41633,Bad
41,183.0825,14.7418,13.801,218.6778,256.7777,352.2123,2461.2448,322.8956,9088.6318,7886.5829,10440.1647,0.77477,0.22523,195.0596,18.9609,132.9874,0.16199,0.051573,1.8093,1.0883,4.8235,2.6319,1592.6566,608.6936,0.16626,0.024546,0.045999,-143.7107,0.50097,98.142,52.2931,-14.0151,50.4364,115.4421,-437.8444,-115.4777,230.9198,-0.051028,-3.9843,6.5084,2.5159,Bad
42,183.7398,11.3929,13.4236,207.095,233.9665,351.5012,2432.6704,414.7242,9589.4547,5032.9272,10804.1352,0.72566,0.27434,199.1638,18.2125,110.4215,0.16101,0.042402,2.037,16.4485,6.4129,10.3491,2966.4608,948.3926,0.16815,0.024364,0.047146,-131.7935,11.6632,92.7281,53.2921,-10.6497,70.6843,117.2488,-410.2963,-97.2827,214.5315,-0.87754,2.6251,6.408,2.1459,Bad
43,185.5628,11.2418,12.4855,192.1676,257.763,301.4151,2448.274,349.1256,7967.9718,10021.7876,18626.2532,0.75893,0.24107,191.2982,14.9308,118.0231,0.16916,0.057223,4.9776,48.4144,6.1149,29.0827,2977.1839,3106.1899,0.17412,0.028763,0.038813,-151.8393,1.7769,99.2922,51.6277,-16.6889,59.91,107.4048,-439.6718,-106.0441,213.4489,-2.7561,-3.2472,5.5864,2.7699,Bad
44,208.0738,15.5206,12.7039,164.5601,249.2413,318.4347,2729.9151,274.4592,7809.8438,9606.4203,10102.3065,0.73333,0.26667,220.4463,24.0015,137.9157,0.17396,0.058405,2.5967,2.4926,6.5984,5.0161,3201.255,1177.8689,0.19122,0.028017,0.050333,-257.6605,0.73969,108.1538,61.6335,-33.8232,95.7877,121.8594,-573.4803,-89.6865,211.5459,-0.089484,-4.2755,6.7429,2.416,Bad
45,222.2592,9.6557,12.5946,130.6013,265.6413,318.8785,2866.3906,360.2079,8186.3771,6744.297,6769.6611,0.86111,0.13889,224.9091,21.7904,122.0125,0.1808,0.053611,2.2161,16.045,6.7412,15.4608,2869.6082,936.7092,0.21646,0.040461,0.052031,-345.0932,-46.4287,163.4386,59.0259,-61.9055,49.5275,91.6465,-714.1823,-148.6178,240.2644,1.2424,3.5825,7.0125,2.4966,Bad
46,219.9292,15.0002,15.0978,289.8849,244.9147,335.8381,1830.9333,144.2113,8532.9442,8658.9447,61525.7946,0.89423,0.10577,228.1142,27.1713,141.6166,0.17263,0.055555,3.4232,2.1008,9.4241,6.1222,4481.8352,1614.2547,0.18972,0.026676,0.051383,-360.388,-31.4824,177.3007,54.5125,-45.1673,84.2176,123.815,-836.0479,-173.5119,297.3269,-0.24895,-4.6356,7.9403,2.3174,Bad
47,194.4252,12.7872,10.4299,193.0815,258.395,274.7263,2485.0792,454.1323,5606.0931,7377.0378,9189.8294,0.89623,0.10377,202.2493,17.3746,77.7561,0.14451,0.048031,1.4319,4.8278,3.5133,0.054856,1917.6946,728.9036,0.18109,0.032108,0.043618,-279.1669,-27.1318,130.0777,48.0575,-39.4742,79.4621,104.4393,-576.7639,-108.6547,213.094,-0.10088,3.4296,5.7333,1.9657,Bad
48,186.2748,9.9789,11.1526,210.5676,250.6572,245.5249,2455.0913,373.1892,6560.7296,6011.765,12150.27,0.7619,0.2381,203.9082,11.6212,131.5573,0.16555,0.049355,2.5279,1.5191,6.594,4.067,2854.9465,1085.7892,0.15888,0.033871,0.036217,-227.7023,-26.3353,116.9687,66.5005,-51.2454,53.3768,116.238,-701.6398,-134.5162,250.7542,-1.4746,-4.2377,5.6871,2.1764,Bad
49,202.6537,14.847,10.79,126.7944,285.8159,253.9355,2428.4037,470.6933,7122.5535,5357.1838,8634.573,0.7395,0.2605,199.0912,22.514,121.4336,0.1597,0.062594,2.6653,15.8499,6.6511,37.8684,2619.9115,1046.7909,0.19484,0.036484,0.041616,-259.426,-19.8462,131.1355,56.4865,-42.663,44.924,91.706,-599.2285,-126.2063,217.9123,1.7609,3.3202,7.0448,2.6104,Bad
50,178.3058,11.7215,10.8658,288.6618,210.6374,242.7167,1385.5903,134.5978,5909.2017,6977.7781,52871.0441,0.9901,0.009901,197.4158,11.0442,134.4029,0.06216,0.020927,0.87104,0.0,2.6126,11.5632,401.444,112.8632,0.14986,0.023012,0.033955,-354.3789,-67.2136,204.6679,43.1188,-69.0624,117.6746,117.6746,-808.0147,-141.1903,258.865,29.0902,0.61328,4.6519,1.2366,Bad
51,200.1619,8.3765,10.13,152.6721,223.9688,289.4366,3241.886,407.5271,6992.7689,7067.8098,20606.3456,0.90654,0.093458,198.3712,19.3459,58.0548,0.0021822,0.00070069,0.62593,5.9217,1.985,18.8093,882.1148,278.702,0.19887,0.031477,0.045761,-360.514,-34.164,142.2903,51.15,-46.8683,89.0686,98.3446,-687.9103,-118.8937,217.2384,5.8251,2.3949,0.43582,0.1934,Bad
52,190.0388,9.4646,13.8088,261.3537,259.1989,317.5238,3339.6662,454.4632,8906.7353,4237.6974,8426.9666,0.90291,0.097087,214.1632,18.8069,130.5242,0.090198,0.017209,0.79793,5.9217,2.5384,18.8093,747.0735,236.4165,0.1572,0.034183,0.046534,-286.0216,-43.2395,124.9121,49.4153,-53.0811,48.2871,101.8636,-781.1228,-139.9013,241.7649,2.7503,4.6365,6.5925,0.50048,Bad
53,193.0307,11.5601,9.5226,194.9852,311.1237,256.45,2993.873,519.5495,7311.5615,7507.7065,7683.122,0.84071,0.15929,198.1657,28.8572,115.6448,0.20028,0.071608,4.5676,32.1197,11.1199,36.9361,6096.2056,2510.2893,0.17145,0.044002,0.040399,-319.4424,-57.4913,205.2301,70.4897,-79.8294,60.4042,101.988,-824.6113,-150.3866,252.3747,-0.9933,-3.8241,6.6602,3.3328,Bad
54,187.6746,16.4982,9.3542,162.6814,297.6031,231.6787,2866.9352,577.7417,6161.8694,3968.592,9602.2717,0.73832,0.26168,195.5483,28.9238,126.409,0.159,0.058958,2.6542,19.1802,5.1082,36.9448,1760.4788,902.5354,0.17251,0.03306,0.034211,-289.032,-27.0373,202.7307,84.4114,-67.0704,85.9131,114.2936,-791.2382,-179.4979,293.7915,-0.84085,4.2534,5.3348,2.3859,Bad
55,200.2244,11.6843,8.0558,265.0266,247.6816,199.9627,1606.9169,389.8753,4116.1844,7724.9633,10127.0257,0.86726,0.13274,195.2847,12.7309,106.821,0.2812,0.026803,5.6129,58.9731,55.5555,589.9421,34649.9146,3710.7812,0.20083,0.033313,0.031024,-268.88,-29.815,137.8245,58.3343,-48.5616,92.6627,112.7829,-574.5681,-124.7797,237.5626,-2.9984,4.541,8.0558,0.59469,Bad
56,182.7178,10.8185,9.723,181.1751,251.3959,226.2236,2424.4124,336.8929,6152.5765,6038.1732,7271.7813,0.83019,0.16981,198.053,17.4991,129.6197,0.16404,0.050477,2.4895,1.9786,5.8858,4.5224,2257.0823,953.5714,0.16119,0.032286,0.034019,-249.1377,-26.899,103.201,57.3824,-47.1303,72.0097,119.5927,-496.0053,-107.1317,226.7244,-0.47024,-4.0538,5.746,2.2049,Bad
57,194.3407,14.3204,8.7234,123.5513,227.3642,230.5568,2496.4119,436.6885,6005.0697,7410.4451,6862.8082,0.81081,0.18919,197.1392,21.2497,118.9878,0.18077,0.057816,2.3806,18.2795,5.7956,9.8318,2552.4203,1021.1125,0.18298,0.025536,0.037202,-270.1274,-15.656,123.974,49.8632,-35.6027,69.8298,94.4348,-556.8953,-94.2675,188.7024,0.65921,2.7665,5.4239,2.3968,Bad
58,207.8443,6.6888,17.0865,188.3459,174.2087,445.9367,2723.9042,236.4571,11170.2205,4799.9937,8610.499,0.71717,0.28283,214.3204,15.2969,121.8816,0.18475,0.03547,1.9848,1.2899,7.9761,5.3349,3478.5245,861.7805,0.19639,0.024491,0.071234,-268.4942,6.043,116.0545,44.8596,-7.7926,41.1263,85.9251,-605.3049,-79.8132,165.7383,0.12518,-3.2566,8.432,1.845,Good
59,213.2719,6.6312,19.7259,225.5353,198.9575,485.4368,2678.7595,271.6219,12958.3238,3037.0846,12044.5008,0.7451,0.2549,218.5131,21.2497,100.5685,0.25937,0.045387,5.7964,11.7892,46.4108,168.9097,26296.8042,3245.9547,0.19665,0.031604,0.076638,-343.8756,-27.0773,220.8135,48.9479,-38.7967,7.1795,86.9834,-913.6002,-86.6669,173.6503,-3.2441,1.7334,7.3251,3.1209,Good
60,208.0314,7.1319,17.9563,277.8888,183.9972,427.0839,1661.6361,183.2749,10720.1488,12195.3561,57934.4433,0.9703,0.029703,225.5465,23.9472,160.7888,0.046104,0.0057693,0.16164,0.26141,0.59319,0.035355,25.4302,10.4664,0.18332,0.024836,0.065902,-423.7756,-44.7784,224.9467,35.5013,-45.439,-23.1995,68.3373,-865.3866,-111.8679,180.2052,-2.1108,-4.4755,10.0578,0.4948,Good
61,199.9948,7.7349,15.6105,193.0178,192.5613,408.9134,3123.919,333.6089,10305.9186,3093.7173,9853.0279,0.82178,0.17822,211.5979,17.5014,124.9859,0.17615,0.038639,2.1773,16.9842,7.3567,57.1459,3146.5063,930.1012,0.18547,0.026121,0.065289,-276.7354,-2.9178,129.3069,41.2842,-16.7462,60.8462,90.454,-583.8613,-69.9089,160.3629,-0.21297,2.9032,7.9263,2.0084,Good
62,202.9259,8.1173,17.1439,207.1194,205.8148,416.8769,3171.4223,336.632,11078.48,7539.9853,8933.6913,0.7549,0.2451,213.4316,19.7806,101.847,0.17159,0.038909,1.8401,2.3043,6.8961,46.4533,2858.4606,797.3992,0.18689,0.028724,0.064779,-323.8631,-25.0091,222.7749,55.104,-37.8647,14.586,104.5671,-876.1098,-105.9281,210.4951,-0.56396,-3.7274,7.9476,1.9925,Good
63,205.92,8.6543,14.6724,281.5237,195.6927,377.2892,3136.5842,385.6021,9226.3072,3209.8907,6108.4704,0.78,0.22,211.4186,19.9394,128.5759,0.15183,0.035168,2.5559,17.9457,7.9166,56.3794,3249.415,1034.8643,0.17827,0.024795,0.059412,-331.6383,-13.9555,222.4867,57.4523,-34.8988,60.2983,95.6379,-843.0021,-117.6854,213.3233,0.093708,3.2578,8.1964,1.7801,Good
64,193.983,10.7583,15.6384,237.6699,214.9692,378.3638,3125.817,310.3306,8757.9039,6643.6595,45440.7673,0.83333,0.16667,202.4877,20.8134,84.6632,0.044321,0.010519,0.21542,0.20231,0.56839,2.6764,144.519,46.5379,0.18544,0.027233,0.057202,-261.6324,-7.2519,126.6453,42.3007,-18.1286,47.1316,105.7186,-563.9636,-84.6148,190.3334,2.8299,-4.5714,9.2751,0.14311,Good
65,199.7276,10.2104,12.9336,189.7102,186.6515,341.5934,3128.8968,365.6138,8266.4359,3649.936,9041.9864,0.76471,0.23529,205.6943,15.1183,129.6156,0.17578,0.042481,2.0101,15.2028,6.5114,48.4462,2619.9268,817.6944,0.18599,0.021629,0.053695,-263.7828,5.7649,123.2593,41.7993,-9.0602,53.9466,99.26,-587.9885,-74.8822,174.1422,-0.60355,2.9372,7.8461,2.0999,Good
66,195.1211,6.6928,17.0888,231.1676,177.0902,420.2811,3143.2774,288.6726,10883.8578,5637.4181,9019.4672,0.81553,0.18447,207.5732,13.0873,104.1691,0.16172,0.035169,1.6329,0.72877,7.0275,55.3364,2766.0885,655.9103,0.17667,0.02485,0.064828,-326.3809,-12.6392,210.6509,43.4427,-24.3714,39.2297,83.4569,-858.9564,-83.6826,167.1395,-0.039417,-3.1451,8.0837,1.8197,Good
67,195.0998,10.1788,13.9369,262.998,187.006,338.6546,1838.768,335.6591,8156.9638,6961.7537,11689.7759,0.87255,0.12745,204.6591,15.3898,93.4828,0.051782,0.0040587,0.15725,0.76454,0.48165,0.15886,43.965,21.8246,0.19,0.022635,0.050579,-253.925,-11.0126,135.5601,36.2512,-18.2217,38.342,87.1157,-557.5856,-85.1853,172.301,-3.6183,3.4268,8.8221,0.46117,Good
68,196.8179,6.9893,13.5806,192.8343,187.3202,346.7169,2507.108,290.5107,8283.5416,6061.4653,7898.4597,0.82692,0.17308,203.1646,14.7781,135.3575,0.18074,0.038401,1.9733,2.2122,6.8025,7.2867,2777.7019,814.2601,0.18282,0.025838,0.053284,-265.4436,-6.8726,126.2833,39.817,-17.0632,41.8161,83.3308,-569.725,-76.2103,159.541,0.11941,-3.141,7.7132,2.0117,Good
69,192.706,8.1959,15.3188,223.768,214.6015,383.6306,2471.7804,340.3782,10289.6974,2761.8688,9206.6121,0.84466,0.15534,204.5925,14.0585,98.88,0.17067,0.03714,1.6806,11.9913,6.6163,5.5629,2605.4587,665.7238,0.17191,0.029345,0.058472,-263.8955,-16.9071,122.9922,41.1461,-26.4293,34.8697,84.5374,-557.5776,-84.302,168.8394,-0.59143,2.9097,7.569,1.8552,Good
70,201.6133,8.6438,12.2919,209.9208,211.5864,308.8254,1856.4402,225.3767,8062.0379,6978.1863,52574.9031,0.81905,0.18095,205.9689,18.9142,138.1362,0.16464,0.041292,1.8961,1.9424,6.0763,5.9876,2086.2086,661.1419,0.18148,0.027921,0.047463,-316.2762,-27.1626,205.0527,52.7418,-43.4346,46.4897,94.5235,-806.7306,-108.4914,203.0149,0.51904,-3.8189,7.8801,2.1039,Good
71,190.6029,10.3182,12.4462,264.3016,246.1026,302.988,2305.2635,397.9562,8485.1744,5340.3074,19890.9224,0.76119,0.23881,200.289,20.4063,75.949,0.076253,0.0096102,1.0134,0.62049,3.2035,0.017394,1090.1196,326.5968,0.1705,0.056664,0.075399,-455.4426,5.1148,91.1269,32.9522,-0.13196,21.839,62.8769,-698.9549,-76.4996,139.3765,-2.223,2.7523,7.0267,0.67381,Moderate
72,180.0688,10.492,13.6542,201.3029,223.0093,349.0659,2337.9124,329.3159,9235.1778,4762.6476,9954.5603,0.70313,0.29688,194.944,7.8556,121.5825,0.1292,0.029362,1.4894,7.9456,4.4632,2.9287,1187.5436,372.6896,0.16557,0.049169,0.087049,-428.2967,18.142,70.5364,40.7933,10.3322,36.6391,116.1575,-610.4164,-94.8957,211.0532,-0.061741,-2.9581,5.0404,1.1562,Moderate
73,183.405,9.0579,12.4502,197.0561,215.6717,320.5801,2429.3839,359.1227,7421.6766,2989.7407,8709.1599,0.83871,0.16129,198.7409,14.2939,69.5733,0.11321,0.024392,3.7861,27.3995,12.2555,0.1027,4506.2832,1368.2361,0.15985,0.048774,0.078666,-529.5426,-3.0199,113.9095,38.1891,-8.2565,24.2104,57.6274,-827.9494,-89.8843,147.5117,-1.4413,3.0716,6.7116,1.1319,Moderate
74,187.5644,9.1898,13.1225,265.7797,202.2484,337.2507,1624.7478,218.2103,8911.5061,7481.2172,57469.7682,0.82813,0.17188,200.9965,5.1777,126.6135,0.079702,0.026939,3.3045,22.3373,8.0206,44.7779,2511.3787,1127.7849,0.14827,0.044972,0.084523,-487.0559,-5.0413,168.0273,49.9815,-13.1993,34.2656,88.603,-973.1,-120.0776,208.6806,-1.9076,-1.3607,5.7458,2.1405,Moderate
75,185.4262,11.5854,11.1476,257.6908,236.8103,283.5453,2320.4993,444.5999,7279.0343,7224.7049,13602.6638,0.82857,0.17143,191.6676,17.4236,55.2136,0.071668,0.0075502,0.91215,0.33544,3.1007,0.026599,1014.0179,283.9431,0.15993,0.047195,0.064805,-428.773,9.5443,88.7894,29.8768,3.895,36.8488,75.4699,-672.9729,-58.1342,133.604,-2.5554,2.4619,6.7779,0.71812,Moderate
76,176.9233,7.8035,12.3391,211.3059,211.1876,309.5494,2271.9409,360.5327,8600.0327,5142.6963,10788.7607,0.77143,0.22857,191.8909,6.5329,123.8658,0.12428,0.023135,1.3665,8.0792,4.4102,4.0171,1352.6151,397.6121,0.1685,0.046053,0.072296,-380.0772,8.3276,85.1858,40.1625,2.8927,26.6704,114.5217,-627.8469,-74.3126,188.8344,0.055499,-2.7079,4.8062,0.95932,Moderate
77,178.2273,9.0693,11.7081,208.8307,245.7546,300.0432,2306.7548,379.5347,8281.1632,2154.2363,9972.3501,0.82609,0.17391,191.1277,17.0026,63.157,0.13812,0.027759,1.4471,3.1099,4.09,3.8404,1212.1922,402.5853,0.15852,0.053647,0.069228,-428.9784,-0.2656,100.1439,37.9696,-5.9734,26.8466,56.1905,-691.227,-90.2285,146.4191,-0.33524,2.0842,4.5111,1.1389,Moderate
78,167.0038,10.2724,11.0093,180.0307,198.6744,308.9406,2092.0525,194.0268,6456.7325,5170.0359,54385.9086,0.9375,0.0625,188.0912,7.8481,142.3138,0.1151,0.029134,1.0225,0.11942,3.108,0.057021,461.6836,122.1663,0.15979,0.038181,0.071232,-437.9596,-1.8629,160.4787,42.5039,-3.7944,27.1106,75.988,-825.1148,-123.7921,199.7801,0.02218,-3.0765,4.9717,1.1808,Moderate
79,176.7118,11.706,11.7471,229.3338,225.4867,308.2521,2298.8135,428.5853,8917.216,5927.1331,12319.7619,0.75758,0.24242,186.3998,13.6468,53.0161,0.067508,0.0068254,0.7893,0.33605,2.4151,0.054702,650.1319,204.9971,0.15412,0.045359,0.072607,-407.215,21.9897,70.8215,35.6322,11.2663,55.5004,111.0111,-589.9567,-71.5303,182.5414,-2.4596,2.6089,6.6129,0.82117,Moderate
80,170.2518,8.5781,10.3707,208.9056,176.7022,284.4762,2274.1852,239.455,6384.8866,8898.4292,12658.3602,0.8125,0.1875,189.3326,7.2259,125.6868,0.13461,0.027333,0.86817,0.97068,2.9277,0.038701,773.6199,215.3616,0.13751,0.036067,0.066332,-411.4843,10.2714,77.1879,42.5863,3.8669,38.024,110.895,-650.5854,-101.7411,212.6361,-0.31825,-2.5841,4.733,1.1292,Moderate
81,190.0859,10.0904,10.2925,208.2755,206.8456,254.6507,2316.6955,323.3303,6833.4347,3693.6633,8507.7072,0.8,0.2,194.8926,20.7369,109.7011,0.18659,0.037446,1.4275,6.829,4.7234,1.8652,1311.4208,389.4573,0.1622,0.044193,0.06088,-455.3398,-0.8903,106.4196,41.6534,-4.8242,14.8454,64.4769,-742.3592,-84.8195,149.2963,0.18495,1.6762,5.0551,1.6089,Moderate
82,183.0321,10.1567,11.7334,259.1704,195.2952,293.5661,1551.8899,185.4187,7650.1903,6130.1034,58636.812,0.88235,0.11765,196.3134,8.2786,129.5842,0.15823,0.041562,2.8567,20.4619,4.6246,14.6902,1107.4389,990.2154,0.14458,0.039638,0.069743,-456.3983,-7.6872,164.2659,48.8139,-13.1855,33.5503,97.7238,-894.8128,-118.7664,216.4901,-1.1061,-2.6349,3.9727,1.68,Moderate
83,183.9686,9.7456,11.7417,288.5842,267.2284,299.7357,3214.9529,435.7034,7923.5705,6740.1774,16427.971,0.83824,0.16176,197.2972,17.5282,64.6816,0.072043,0.019903,2.8325,11.6056,4.6491,34.0457,1758.408,1078.5975,0.1595,0.059781,0.071166,-492.0862,-10.3108,146.6156,45.7301,-14.7407,12.6443,53.6085,-991.6392,-131.8427,185.4512,0.85357,-3.3191,6.411,0.59867,Moderate
84,175.8949,10.9003,12.7085,219.1778,233.8651,321.7767,2929.94,455.4013,9440.13,3477.5768,10519.0839,0.72059,0.27941,191.4804,12.0211,125.2596,0.12189,0.026761,1.429,3.5053,4.1485,25.1077,1120.5131,334.9145,0.16018,0.047912,0.076785,-458.9631,5.1493,221.9958,74.1841,-14.2436,55.1625,117.4663,-1021.9439,-150.2806,267.7469,-0.36547,2.791,4.9226,1.0381,Moderate
85,179.353,8.3717,11.6163,194.3189,219.285,297.6214,2882.4398,355.8349,8037.4441,4988.6618,8988.0473,0.82353,0.17647,189.351,13.2312,55.0629,0.14062,0.026388,1.4101,7.7964,4.2219,24.4437,1195.2893,381.4252,0.16212,0.048022,0.069567,-524.7388,-24.1908,221.9796,51.8049,-28.7194,-3.0568,63.8931,-1017.3252,-120.9869,184.8801,-0.24983,-2.3346,4.6553,1.1129,Moderate
86,162.9987,8.3585,11.1804,249.5865,202.4467,327.6663,2833.3081,378.3883,7077.9954,5024.0111,10319.4075,0.75806,0.24194,185.4767,5.5614,124.0034,0.11769,0.027588,0.95322,3.3264,3.0423,11.5848,362.5618,122.9129,0.12712,0.042388,0.078139,-481.8238,-8.6571,252.6755,72.6829,-27.6235,50.7709,115.091,-992.3942,-132.3787,247.4697,-0.21713,2.5877,4.8465,1.155,Moderate
87,210.6329,8.636,13.8487,247.2354,130.4204,349.3505,3210.4456,169.789,8796.5544,7077.442,54065.1761,0.7931,0.2069,212.7937,6.3606,118.17,0.14604,0.010779,1.83,7.5749,32.6727,30.7777,7321.2954,432.7712,0.21747,0.031237,0.10063,-569.1805,24.8377,135.9645,37.425,8.7144,86.6436,101.2784,-1181.7076,-96.4016,197.68,1.7639,-3.0037,8.6771,0.46769,Good
88,199.067,4.8883,13.8624,194.206,125.9195,348.2843,3211.8021,219.3136,9707.6994,4058.7985,10172.6858,0.72222,0.27778,216.0553,10.8486,131.9498,0.15234,0.022806,1.3551,3.4399,5.5371,30.4523,1356.7075,294.6236,0.16645,0.033404,0.097902,-600.9291,11.6497,79.9517,35.8523,-3.8134,51.854,69.0725,-807.643,-67.0634,136.1358,0.81184,2.0681,6.2079,1.1422,Good
89,199.8315,5.4604,14.0145,175.7556,149.8815,366.2713,3090.3206,232.2341,10005.7721,10199.142,8431.5811,0.58929,0.41071,211.5716,11.0909,119.9629,0.16696,0.027363,1.4027,4.1811,5.9506,30.4523,1290.7625,285.9845,0.17766,0.04068,0.10573,-566.029,11.1193,67.7748,41.8941,-7.292,37.5356,82.1073,-735.6866,-72.3957,154.503,-0.12966,-2.1525,5.8222,1.3327,Good
90,209.9904,7.9156,15.0317,266.1914,144.6517,349.7485,3122.8036,307.6676,8971.3234,3420.3712,6447.6906,0.75439,0.24561,217.2352,15.9687,139.7344,0.17574,0.030507,1.0444,4.1811,4.3959,18.489,721.5666,170.3971,0.16386,0.035313,0.097804,-696.8995,-0.81727,264.1947,57.2076,-18.5257,53.5729,85.6185,-1242.0937,-119.1053,204.7239,-0.24378,1.9046,6.482,1.3756,Good
91,184.8971,8.0538,14.208,238.4727,177.7866,376.0979,2429.9862,330.8104,8609.1117,5482.6912,12548.2455,0.82456,0.17544,202.9544,6.9928,134.9986,0.13532,0.027967,0.96399,3.4957,3.9173,0.17526,715.5248,156.9636,0.1598,0.043032,0.10204,-540.0472,1.3545,104.8286,33.9269,-2.4101,19.0479,87.2485,-822.3052,-62.2846,149.5331,-0.35061,1.9867,5.8358,1.2232,Good
92,204.8535,8.1151,14.6694,176.6202,189.464,358.3089,2548.5304,285.7708,10542.4653,5345.4297,8066.4527,0.62295,0.37705,209.0288,11.9317,113.0098,0.18296,0.034007,1.4465,4.6446,5.3654,4.2478,1361.0197,319.7394,0.18928,0.047309,0.096711,-517.7586,6.636,69.4056,36.9916,-0.18742,17.9094,72.844,-707.2729,-67.9753,140.8193,0.16168,-2.3174,5.7049,1.5518,Good
93,191.287,6.1891,15.4425,188.4935,191.6345,390.4282,2467.8316,317.6276,10745.5553,3720.3407,11585.353,0.77966,0.22034,205.6612,13.6601,135.505,0.11505,0.02391,1.2972,4.1218,6.0583,29.0798,1158.2603,218.2503,0.1892,0.050975,0.10636,-540.7268,-9.6688,115.0146,36.6396,-18.6168,21.9932,65.1222,-834.0373,-77.6762,142.7983,1.6936,2.6266,8.1869,1.1602,Good
94,184.9184,8.0951,15.8122,263.6333,157.1746,391.3393,1653.2504,113.376,9139.1786,5470.4852,54888.297,0.85714,0.14286,204.9679,15.4751,63.4483,0.048754,0.0089414,0.41786,0.0,2.2734,8.7561,216.8062,48.6495,0.14571,0.036036,0.10283,-629.1457,-11.1466,262.1549,63.8747,-24.4751,68.8246,91.9893,-1137.4943,-128.428,220.4173,31.0426,1.1918,4.347,0.549,Good
95,206.2461,6.5742,15.2437,268.2602,148.5449,388.0194,3368.0955,231.6151,9351.4849,6528.8731,57546.4735,0.65517,0.34483,219.0949,4.7698,110.6976,0.0,0.0,1.9041,0.0,2.8824,0.0,1751.6395,819.11,0.18901,0.037105,0.10585,-604.5004,9.0905,157.2495,46.2694,-11.0811,47.4165,90.7025,-1213.2783,-91.7608,182.4634,4.4490842105263155,4.4490842105263155,4.4490842105263155,4.4490842105263155,Good
96,212.8907,6.6978,15.95,192.8619,176.1294,390.2653,3157.9798,318.0671,11102.0154,7616.67,9095.7183,0.60656,0.39344,212.9488,7.9952,134.2024,0.1754,0.032152,3.2595,17.9096,10.6136,70.564,3514.1004,1038.5356,0.19473,0.045807,0.10702,-594.8643,-3.229,196.8669,46.1019,-17.2092,18.3237,77.5249,-1211.791,-98.7717,176.2967,0.040669,2.346,6.8577,1.5738,Good
97,187.4001,6.8074,15.6252,184.4074,147.0682,425.3351,3101.131,196.7632,10649.2227,5533.4308,9375.389,0.63636,0.36364,210.5281,7.6369,70.7425,0.13402,0.023604,1.257,4.8284,5.0733,22.1727,1002.326,228.0776,0.17447,0.035222,0.11693,-583.1076,16.7616,201.7215,56.5501,-7.909,59.9351,100.8567,-1182.7361,-116.5002,217.3569,0.060609,-2.3281,6.0845,1.1091,Good
98,210.1179,6.6447,15.3588,182.119,136.6298,370.1425,3255.466,261.0589,10001.1573,3152.3643,9503.6809,0.70175,0.29825,216.2259,12.394,126.032,0.19171,0.030154,1.0468,4.8284,4.7839,22.1727,679.3222,155.3958,0.17637,0.032958,0.099518,-689.0328,3.3397,261.216,55.4812,-20.7939,60.1248,89.678,-1251.0975,-92.5359,182.2139,0.20721,1.5226,6.5146,1.4281,Good
99,193.3188,6.0716,13.7965,222.2224,178.2867,356.1509,2488.7557,291.2932,9576.2728,4157.9244,11788.1486,0.65517,0.34483,202.1131,9.643,68.8041,0.07512,0.0079258,0.97766,0.68211,3.2272,1.9595,1003.7989,295.6206,0.17565,0.046534,0.097093,-512.8138,5.0084,65.0125,43.5088,-4.9994,24.0232,87.6483,-681.9496,-87.353,175.0013,-2.1857,2.8158,7.651,0.54932,Good
100,185.9587,6.371,14.629,184.4724,198.0667,370.1565,2437.9699,336.6762,10507.7524,6915.9256,8866.4068,0.62069,0.37931,201.1907,12.074,138.5829,0.13806,0.02669,1.5826,7.8164,4.862,4.1964,1360.9752,401.6168,0.17336,0.052592,0.099431,-478.8506,8.7906,66.8412,38.7294,-6.0021,32.9969,75.6437,-640.0563,-69.824,145.4678,0.1416,-2.707,5.2968,1.2731,Good
101,178.2695,8.4609,15.3991,169.1553,206.2755,413.2917,2422.7776,366.598,9833.5658,2835.5353,7213.3941,0.69643,0.30357,199.6764,14.8615,71.8673,0.13059,0.03051,1.1888,4.1021,3.6543,0.10313,358.4467,132.1086,0.16722,0.050969,0.11252,-495.241,5.067,73.4511,38.4078,-3.0219,23.6239,79.731,-685.558,-75.4883,155.2194,-0.20041,2.669,5.5942,1.3664,Good
102,193.5329,8.907,15.0711,186.5829,169.3352,361.6094,2119.0719,164.0226,9589.6462,5627.6894,43176.9242,0.77586,0.22414,204.3667,10.2055,134.3614,0.028524,0.015713,0.55498,0.0,1.0176,0.0,158.7019,91.3414,0.16806,0.039612,0.096576,-599.0921,-7.1654,212.7487,50.0896,-20.6283,39.4368,78.7497,-1134.694,-124.0239,202.7736,10.6684,2.0392,0.9618,0.78269,Good
103,8.268,0.28296,0.46516,53.3309,5.2195,20.6779,1526.0656,45.9854,1638.86,-984.1511,-5678.1337,0.57895,0.42105,202.3925,21.6842,4.4490842105263155,0.073859,0.0068511,0.98236,6.6196,2.7777,19.031,722.1028,249.5978,0.008565,0.0016347,0.0052596,-122.1693,33.0235,12.3797,117.2712,4.4490842105263155,33.0235,101.5042,-131.3302,-102.3867,203.8909,12.0576,-2.8672,1.3142,0.31254,Good
104,89.2717,3.1915,12.3937,393.0858,109.2167,153.5472,2952.5842,88.1342,8935.4624,3703.2783,50592.1211,0.69643,0.30357,206.0299,19.7719,128.5028,0.15043,0.03953,1.7452,5.5094,4.9273,23.1502,924.3862,290.0193,0.18768,0.032773,0.048974,-549.5814,-12.8515,134.7427,50.3216,-37.0816,25.9168,77.303,-777.6667,-70.2118,147.5149,-4.4336,3.5979,2.9665,0.25052,Good
105,191.4662,9.2694,14.8316,197.3608,207.5958,377.8402,2977.2412,294.5453,9826.9495,5571.8361,8214.3782,0.66102,0.33898,203.7515,9.0208,110.7167,0.14391,0.036364,1.5761,3.9438,4.747,23.1502,879.62,262.0376,0.17152,0.052087,0.10541,-554.5839,-10.9358,189.6361,58.312,-23.0879,12.7607,79.2629,-1128.8919,-152.1896,231.4525,0.38774,-2.877,5.9376,1.6601,Good
106,197.1299,8.4071,14.3255,186.2032,200.7034,354.0342,3011.3055,368.5467,9211.0923,3885.9319,7690.8317,0.68966,0.31034,207.8229,12.4383,131.2412,0.16108,0.035336,1.24,4.9687,4.1781,18.0282,566.241,167.623,0.17059,0.050457,0.096575,-615.8484,-17.1728,251.1524,62.4152,-36.2109,25.1341,73.8516,-1161.4034,-136.631,210.4826,-0.16074,2.2402,6.1631,1.639,Good
107,186.4441,13.5903,10.2872,218.0118,209.8958,261.6272,2373.8931,407.5427,7135.9001,6820.5039,12693.0902,0.85,0.15,187.4176,11.4584,76.3296,0.064052,0.0052082,0.48686,0.37501,1.4516,0.035485,412.6984,133.9214,0.16047,0.047155,0.069983,-538.3784,4.0681,93.2196,38.8392,-1.2309,34.0959,91.5864,-773.2666,-75.2244,166.8108,-3.138,2.953,6.6375,0.62005,Moderate
108,181.9059,8.787,10.528,219.6193,205.2208,252.2611,2343.494,325.8276,6726.7735,9725.4223,8941.9223,0.88333,0.11667,194.8312,6.5744,105.9485,0.17307,0.037375,1.3491,0.20175,4.2191,0.015121,736.1627,233.4083,0.1382,0.050733,0.066928,-536.0286,-15.1994,97.7618,48.0474,-19.7616,19.3422,65.5814,-794.2534,-117.7122,183.2937,-1.1147,-2.5315,5.0986,1.6171,Moderate
109,188.2763,14.3116,9.8161,166.7403,236.2177,258.101,2379.6532,421.8799,6882.7492,4648.7955,7890.4596,0.77778,0.22222,196.7759,10.946,97.0899,0.1701,0.048178,2.2609,15.761,7.4745,0.061999,2339.6324,691.9964,0.17052,0.054351,0.070917,-518.4559,-1.9691,111.6138,34.0125,-5.9988,12.1349,58.4281,-807.7906,-87.3259,145.754,-0.19368,2.2215,5.796,1.9346,Moderate
110,188.6259,10.698,11.7539,173.9981,233.4231,285.5007,2072.6537,276.8842,7381.4621,6680.421,46966.3129,0.81667,0.18333,193.6431,8.2788,99.0769,0.15666,0.038574,4.3103,18.3073,11.4122,19.9548,3663.5966,1418.7153,0.1663,0.056827,0.075767,-524.9516,-14.4732,131.3522,49.6471,-23.2506,24.6263,51.2847,-772.1785,-115.1898,166.4745,3.5907,0.79736,9.9055,3.6687,Moderate
111,190.8584,14.8333,8.9023,287.9346,220.5523,233.0393,3129.2394,291.8596,5901.8763,7057.7691,56954.6682,0.77778,0.22222,195.0237,9.5375,88.8278,0.17581,0.047104,1.1691,4.5977,3.9391,16.23,730.3428,205.1965,0.17471,0.049611,0.062735,-586.8454,-17.46,237.9259,62.1633,-25.7885,11.6897,76.8368,-1169.4371,-159.6154,236.4522,-0.55723,-2.2218,5.2937,1.7589,Moderate
112,182.6558,12.4934,11.0706,221.7498,213.352,275.4737,2966.4065,379.661,7301.1682,7135.5382,9147.226,0.80328,0.19672,195.6847,7.1872,98.6865,0.17387,0.041473,1.1502,4.5977,3.9075,15.655,565.4228,161.0487,0.13705,0.048554,0.072512,-584.666,-8.2676,248.3496,63.5948,-21.4888,45.7189,84.2853,-1139.9308,-139.1429,223.4281,0.22608,2.1478,5.0748,1.6169,Moderate
113,185.2628,13.0677,8.245,169.7971,221.6665,223.4661,2861.9612,320.5373,6326.0997,6268.2981,9304.0395,0.69355,0.30645,190.5742,9.7749,88.4105,0.73456,0.048565,3.413,24.8449,57.1292,15.0434,20249.4781,1158.2587,0.16195,0.050836,0.060142,-590.3789,-17.3208,242.3598,71.8304,-28.8557,8.7847,111.2958,-1105.2598,-145.3845,256.6803,-2.3393,-1.7637,3.625,2.103,Moderate
114,190.0988,11.8265,9.8713,157.1721,251.8657,258.4871,2919.1272,402.9738,6815.902,6757.8494,8022.3368,0.77419,0.22581,195.6075,8.4867,94.3643,0.0,0.0,0.0,0.0,0.0,0.0,0.0,0.0,0.17266,0.06065,0.069271,-598.5812,-20.5888,242.2038,63.5575,-32.2041,19.235,61.3171,-1117.224,-150.522,211.8391,6.543214285714286,6.543214285714286,6.543214285714286,6.543214285714286,Moderate
115,187.573,14.3052,9.5216,288.0941,267.7167,209.3738,2178.8228,493.2571,5314.1438,9151.7148,12201.9831,0.81667,0.18333,188.9655,16.8877,83.5318,0.17034,0.047891,1.6066,6.596,4.0254,0.14187,747.5184,268.1297,0.15812,0.062109,0.053831,-549.5835,-6.8051,93.6924,45.9456,-17.2912,39.9057,68.4981,-769.3786,-108.6693,177.1674,-0.8023,2.4108,5.2121,1.8977,Moderate
116,182.5987,13.0777,8.3103,241.5856,264.6489,221.0672,2247.6349,380.9262,5446.4378,5758.7508,8321.3044,0.84127,0.15873,193.647,13.2781,110.8459,0.16751,0.044672,1.3875,0.21685,4.1336,0.095408,855.9952,284.6101,0.13668,0.062708,0.059213,-506.4974,-12.0152,90.2292,46.5538,-17.4154,16.6061,42.4712,-748.2419,-120.7325,163.2037,-1.0204,-2.8245,5.3402,1.7472,Moderate
117,177.1386,15.4004,9.6647,193.2795,257.8093,260.1299,2236.7602,471.1942,7353.9403,3835.2602,11252.0305,0.79365,0.20635,192.2618,8.5057,101.5574,0.16825,0.049588,1.4485,8.3148,4.383,2.6364,1064.8876,355.2372,0.14245,0.058185,0.069628,-472.0258,-6.626,91.537,40.3225,-8.9927,2.4767,54.7916,-705.4944,-104.1692,158.9608,-0.41568,2.1951,4.7408,1.8911,Moderate
118,179.5635,16.0041,10.8167,225.4396,243.1458,268.8721,1487.1713,190.2687,6570.6366,5914.8318,56457.5229,0.81538,0.18462,186.5697,10.9014,105.6176,0.042634,0.0256,0.92656,0.58156,1.5212,8.5158,431.7626,239.1057,0.15357,0.053194,0.071741,-508.731,-27.8505,222.1922,66.4789,-37.8556,16.3387,58.2601,-1017.0674,-178.2845,236.5447,15.7803,1.4232,4.9962,1.1838,Moderate
119,164.7985,15.8938,9.5025,185.756,262.4254,261.8955,2805.2026,330.2517,7616.639,7710.74,34293.784,0.74576,0.25424,178.2299,6.945,84.6375,0.0,0.0,2.6139,0.0,10.2759,0.0,4133.6459,1120.6986,0.14161,0.058588,0.069819,-474.5277,-11.5627,91.1983,37.8452,-14.7284,-2.2766,55.6035,-688.2559,-99.1099,154.7134,6.543214285714286,6.543214285714286,6.543214285714286,6.543214285714286,Moderate
120,189.6453,12.8126,10.3859,115.4586,302.9179,248.8261,2686.6047,439.826,7644.0407,4763.2623,6848.4986,0.71642,0.28358,179.1475,8.6296,100.9872,0.16143,0.047309,3.1092,7.215,10.705,17.9269,3080.3459,898.1973,0.18051,0.07568,0.065486,-460.3491,-10.3647,86.7705,43.8927,-17.4981,7.6565,48.3324,-679.2261,-115.8825,164.2149,-0.35043,2.5965,3.8524,1.9051,Moderate
121,161.1367,12.1407,10.0454,145.1878,266.3314,270.5285,2714.6302,375.2176,6414.6741,8296.9153,10091.4735,0.69492,0.30508,190.594,10.7699,44.8411,0.094163,0.029401,1.5585,7.6291,3.6543,20.6107,912.7847,338.3736,0.15681,0.0623,0.072241,-501.7228,-11.7165,221.9888,92.0832,-34.0492,39.1527,125.0092,-1006.951,-190.9413,315.9505,-0.53133,-3.0756,4.7137,1.0441,Moderate
122,177.9176,13.7553,9.9328,142.264,256.5041,256.7102,2847.987,456.5812,6134.212,7671.2913,8125.6606,0.85,0.15,190.9,14.7453,103.6691,0.11381,0.031195,4.2961,33.2895,11.7547,91.6456,4143.7038,1508.7809,0.15781,0.058675,0.066865,-596.8089,-37.7677,239.1617,71.0962,-44.6053,0.9789,40.7633,-1087.2215,-170.4281,211.1914,1.6117,3.3451,6.2434,1.4268,Moderate
123,206.2955,8.665,14.5099,122.6455,187.954,366.8,2827.0561,262.7738,9643.3789,5401.8783,7452.9084,0.83019,0.16981,213.1382,10.1512,102.4123,0.16916,0.041473,1.9735,1.2841,6.1182,0.034515,1418.0897,423.6988,0.19566,0.052021,0.11043,-743.6758,-32.4925,148.4444,59.1249,-50.3643,54.8805,67.9128,-1211.5757,-145.3052,213.218,0.46841,-3.6363,5.6265,1.7897,Moderate
124,215.2196,9.1981,13.4867,179.4134,199.2504,345.0746,2780.1616,319.7711,9174.1321,3869.6496,6726.1987,0.87273,0.12727,218.5719,8.3311,140.1696,0.17953,0.045518,1.8579,9.8688,6.0215,0.097904,1543.5349,448.5289,0.19644,0.05586,0.10581,-792.5263,-19.2433,176.787,61.711,-27.3718,36.4949,74.8869,-1244.0782,-170.6144,245.5013,0.43362,2.2786,6.443,1.9555,Moderate
125,215.7137,7.5405,13.7709,156.2911,194.8378,351.1353,2905.2371,258.9754,9313.8561,4938.3401,22333.2839,0.86792,0.13208,218.601,8.7859,105.1398,0.17403,0.041532,2.9134,15.3369,6.6327,7.8225,1404.3698,765.0986,0.21575,0.055856,0.10621,-803.6562,-43.8637,193.5998,62.3975,-59.018,55.7217,67.0972,-1294.4756,-142.2314,209.3286,-0.46176,-3.7166,5.9753,1.8017,Moderate
126,195.957,9.878,12.5011,221.3519,231.3286,324.2911,2055.2084,361.9547,8255.4698,6363.8156,10256.8839,0.89091,0.10909,204.9057,7.6289,139.8324,0.15184,0.042289,2.0735,10.9348,5.5217,0.02241,1049.8831,362.3556,0.19122,0.064466,0.097091,-671.4888,-34.0088,158.0739,66.8362,-40.5784,19.6427,64.5825,-1102.1604,-181.4213,246.0038,0.036302,2.7954,5.5099,1.7926,Moderate
127,195.0011,11.4364,13.451,142.4337,197.5426,336.1527,2567.4036,241.0276,8744.1065,5189.6669,7483.1693,0.89286,0.10714,202.6912,11.647,104.2649,0.15789,0.04498,1.9329,4.5313,5.3458,1.6075,1067.5907,357.9155,0.17739,0.050643,0.099917,-669.5898,-35.4126,166.286,57.6156,-40.608,7.882,45.6905,-1103.0031,-172.751,218.4415,0.33857,-3.2784,5.5423,1.8638,Moderate
128,201.6216,9.3518,12.1284,142.8093,169.8691,309.1119,2631.3706,308.3791,8490.3087,3679.1812,5402.5347,0.91071,0.089286,204.4461,14.8577,129.4544,0.17808,0.043396,1.7097,7.4487,4.9657,4.4714,1144.248,363.0722,0.18076,0.044595,0.092515,-728.612,-20.5166,165.146,56.5222,-25.3828,29.1182,70.4785,-1120.8451,-158.4147,228.8932,0.39273,2.0441,5.4083,1.854,Moderate
129,166.5138,6.1902,12.8996,488.7006,115.2523,231.6731,530.4855,77.7173,7840.1232,3729.8697,51643.5125,0.92982,0.070175,208.7439,8.175,104.2196,0.16478,0.036697,1.4944,0.10339,5.077,0.11401,1126.8123,314.7335,0.11723,0.029307,0.065699,-703.5451,-45.2014,248.8535,44.2608,-50.45,24.7796,70.4785,-1280.8398,-115.0197,185.4982,-0.83711,-2.9158,4.7171,1.8046,Moderate
130,188.3779,11.237,12.9833,351.1504,226.0111,301.4939,3269.25,315.7104,8129.9334,9298.6193,50907.7844,0.92727,0.072727,206.4308,14.4629,138.7006,0.00072768,0.00069159,0.56527,4.0475,0.53888,3.8252,157.1591,170.143,0.21793,0.059076,0.089212,-696.1356,-29.469,243.5537,77.1255,-35.093,39.425,86.3639,-1186.1581,-207.1809,293.5448,12.2113,1.7859,0.0,0.0,Moderate
131,202.6812,10.6298,13.1741,122.9334,203.8243,349.676,3174.4878,366.2278,9008.5887,3825.2636,7836.3187,0.88889,0.11111,210.0107,14.4607,100.4971,0.075956,0.019128,0.84061,4.0475,0.92892,3.9226,807.327,305.5953,0.18886,0.052777,0.10252,-756.3029,-46.5527,183.3268,60.0346,-54.5839,17.6972,62.459,-1204.6804,-151.2499,213.7089,1.635,3.6389,6.6656,0.61746,Moderate
132,205.2348,8.8991,12.9514,179.6027,211.87,343.6185,3262.8129,320.9466,9463.1545,4962.6431,9084.358,0.85455,0.14545,211.7581,10.7751,136.3398,0.20364,0.057936,2.9186,13.6474,9.9415,28.1788,2955.003,877.4151,0.17687,0.058287,0.10165,-775.1606,-36.8513,212.6526,68.9078,-43.9847,5.0578,55.3575,-1318.7469,-172.9512,228.3087,-1.5087,-2.6024,6.2846,2.6074,Moderate
133,206.0912,8.7404,12.7637,150.68,207.6132,338.2663,3240.3137,350.8402,8982.3407,2382.5286,7943.8677,0.81481,0.18519,209.6422,9.1505,108.0703,0.17198,0.043138,2.1987,13.1807,6.5615,40.2328,1758.7739,576.0342,0.20764,0.05615,0.09941,-782.6509,-45.3451,222.5707,64.1266,-64.1884,37.5655,65.9443,-1325.4044,-152.4625,218.4068,-1.1226,2.9778,5.7565,1.8884,Moderate
134,205.7994,12.683,12.4239,233.5719,258.0412,313.1161,2576.9613,428.9286,7827.4631,6293.9651,16414.8395,0.84211,0.15789,206.1538,14.0345,140.0856,0.55474,0.02776,4.4535,32.7831,68.7985,518.5628,22648.7047,1585.0957,0.1919,0.068852,0.092303,-691.0234,-15.1246,141.4367,56.2482,-24.285,33.7306,61.0885,-1031.413,-137.7534,198.8419,-3.005,4.0569,8.5813,0.73739,Moderate
135,194.0436,13.1457,12.8493,277.9721,177.6937,301.3788,1709.44,239.4155,8121.7065,6351.3591,57903.7576,0.85714,0.14286,206.6733,16.1264,106.3776,0.17528,0.051695,1.9236,1.1589,5.608,0.29425,1309.9556,432.714,0.2365,0.044276,0.09065,-638.981,-22.2156,174.9169,53.193,-34.5808,42.7015,70.0189,-925.8235,-136.4622,206.4811,0.87889,-3.4431,5.7263,2.2152,Moderate
136,202.2257,9.6553,11.4737,151.7004,190.4331,299.0814,2648.1225,309.5064,8516.0462,3719.3164,6716.6937,0.85714,0.14286,203.3502,11.9388,132.5815,0.18751,0.048277,1.5709,8.1086,4.8549,0.28975,1247.0963,388.6813,0.18104,0.050538,0.088463,-712.5162,-16.2794,155.9848,59.8561,-26.4748,44.893,71.436,-1128.6087,-153.52,224.956,0.53347,1.9809,5.6645,2.075,Moderate
137,208.0393,9.7125,12.7571,201.5579,201.5668,319.8752,2085.5923,208.4002,8080.5508,4862.241,58200.2966,0.89286,0.10714,209.0144,6.8206,106.5872,0.16687,0.044483,1.7776,0.33369,5.7831,1.0923,1328.1028,398.3995,0.18365,0.053597,0.093558,-739.0964,-35.5572,191.3476,62.9074,-46.0836,52.1625,87.1484,-1182.1407,-146.6895,233.8379,0.90194,-3.3627,6.1491,1.8806,Moderate
138,186.8197,6.9054,11.3518,688.2447,143.3223,205.5148,1441.5625,284.7646,6034.1852,5612.9156,56407.1941,0.78182,0.21818,206.0828,14.6556,110.2458,0.26217,0.015467,3.363,24.4686,61.7358,456.71,14058.7182,778.8791,0.14047,0.037908,0.061196,-542.6714,23.2028,213.4249,47.5212,1.4373,104.8235,122.5955,-747.3477,-33.2566,155.852,-5.5533,3.8643,7.4875,0.39239,Moderate
139,152.746,6.8516,10.2486,239.9869,211.4603,301.5858,1699.5743,355.3954,7039.8776,6871.1823,6445.6474,0.67857,0.32143,203.3654,16.6894,129.6199,0.16277,0.05542,2.4059,9.9211,5.8333,3.5889,1408.492,534.9763,0.19012,0.056627,0.087963,-542.5902,-3.2898,141.8485,53.2517,-22.0503,69.6676,104.3897,-822.8512,-126.9377,231.3274,-0.32879,-5.249,6.2326,0.36418,Moderate
140,183.9167,11.37,12.3878,186.8525,240.5733,319.802,2441.9842,411.2137,9227.0698,4461.2832,8887.8941,0.67273,0.32727,197.883,11.1441,112.0004,0.15158,0.049514,2.5729,9.9211,6.1709,0.16636,1518.4208,583.4078,0.15257,0.060574,0.089333,-533.7196,12.4165,69.7406,41.3237,1.6658,34.5152,100.3405,-703.6018,-82.2934,182.6339,-0.41562,2.9003,5.869,2.2953,Moderate
141,205.4896,11.5681,12.2716,156.0963,256.8543,294.4598,2461.7274,353.0383,8069.1733,6488.2283,40601.929,0.73333,0.26667,199.3381,13.6621,132.0055,0.14048,0.052732,3.5879,23.1028,5.7509,21.7847,1478.7204,1060.0442,0.21301,0.06663,0.083433,-573.1891,-15.7461,130.1736,56.6754,-34.4512,35.693,95.5134,-919.407,-145.7988,241.3122,-0.44227,-3.4787,4.5862,2.3101,Moderate
142,192.8019,6.5414,8.0329,508.2058,187.275,244.6453,3434.0121,226.0492,4567.241,4303.6559,57862.702,0.73077,0.26923,199.6097,8.1055,58.7394,0.070417,0.023485,2.6597,16.2105,6.4639,16.777,1709.141,751.4271,0.17901,0.048631,0.070119,-577.4057,17.5201,100.0793,48.0971,3.8874,42.838,105.156,-741.5164,-81.0529,186.2089,3.6899,-1.7175,5.6914,2.4153,Moderate
143,207.5528,9.4898,11.8195,374.2706,216.6301,146.2497,2908.264,226.0492,7484.6129,-60.2212,50608.6712,0.63793,0.36207,199.8646,14.5874,121.2409,0.23512,0.026267,1.766,4.0934,7.9146,36.648,2028.6484,482.2441,0.26907,0.060671,0.039778,-533.3762,-10.5712,123.8395,65.9359,-71.1293,37.2378,81.839,-770.4613,-112.1045,193.9435,-5.7523,3.4816,5.4868,1.2097,Moderate
144,176.3203,14.1331,11.2289,218.6767,261.2702,279.3972,2927.0227,334.1566,7136.8009,5840.2615,8109.8175,0.76364,0.23636,198.306,20.296,84.2976,0.1356,0.046273,1.318,2.1179,3.4486,15.0275,895.977,353.5773,0.13229,0.063211,0.076757,-602.9144,-15.6113,224.1061,86.9978,-35.3757,48.243,113.431,-1151.4316,-211.7893,325.2203,0.51999,-4.0761,5.7718,1.9294,Moderate
145,196.1897,15.7223,10.8112,146.7026,213.2403,269.7668,2828.3507,430.7478,6932.4854,4120.0879,7686.1655,0.67797,0.32203,195.1712,8.5185,120.8191,0.16095,0.057989,2.1711,12.7378,5.3803,31.5528,1616.0792,651.0536,0.19279,0.048445,0.077157,-608.8429,-11.119,220.7721,82.1983,-41.553,52.9524,121.1939,-1114.4161,-181.9825,303.1764,-1.8638,2.8923,6.0207,2.5495,Moderate
146,194.1106,13.8574,13.1887,259.8697,239.1346,318.8497,2012.0717,447.0925,8104.8796,7818.307,12004.1423,0.78182,0.21818,204.1075,16.9768,109.2531,0.25538,0.016485,3.106,22.652,59.1904,437.9046,13242.1964,708.9252,0.17898,0.059207,0.089419,-598.3812,-5.1945,109.5276,44.6763,-13.9306,26.1099,61.2947,-853.7999,-107.5298,168.8245,-3.6563,4.3366,7.7856,0.55317,Moderate
147,189.7664,11.982,12.2864,144.9444,202.717,317.9231,2512.7036,275.5951,8355.0532,5247.9584,7859.346,0.81818,0.18182,200.78,7.8904,135.026,0.16216,0.051171,1.8727,3.3974,5.097,4.5118,1287.7524,443.7922,0.17518,0.049557,0.091024,-586.6838,-18.5041,114.1347,47.5404,-27.4396,21.7053,57.2809,-878.4185,-120.3554,177.6364,0.4302,-3.5198,5.8647,2.3519,Moderate
148,187.7524,9.3729,12.471,228.2372,220.9807,315.7495,2383.1592,349.1111,8994.7576,4105.9972,8619.4749,0.76364,0.23636,201.3472,11.1842,114.1416,0.16865,0.05045,2.049,10.7171,5.7302,7.9308,1461.2234,516.0305,0.14204,0.058566,0.089715,-579.1162,-2.4249,84.8289,44.2176,-10.1812,22.634,76.4994,-808.9702,-102.8952,179.3946,-0.57531,2.787,6.4291,2.4359,Moderate
149,196.257,13.3507,11.7089,121.6899,216.2731,300.5224,2501.1086,226.1852,7414.7712,5425.241,32011.4914,0.80357,0.19643,200.8442,12.2319,137.8088,0.18503,0.058275,1.739,0.19334,4.8547,0.067612,521.7193,181.5922,0.19358,0.052387,0.086305,-602.1549,-16.3555,143.1112,48.7467,-25.6028,21.4744,61.3445,-895.1029,-117.3909,178.7354,0.74814,-3.5572,6.9567,2.6917,Moderate
150,204.6403,11.8526,9.0552,647.6649,253.4031,258.4484,3498.7355,316.0184,5642.5718,8412.7308,53584.4871,0.69091,0.30909,204.5565,11.5928,103.5129,0.086767,0.029099,3.4266,17.607,10.3297,51.9433,3123.8815,963.4492,0.22073,0.063309,0.074698,-548.3509,22.03,136.8478,40.7632,3.4041,49.4211,93.9286,-756.0888,-76.6587,170.5873,-0.74184,-1.0336,8.8777,2.9252,Moderate
151,193.7312,12.2487,11.572,253.9008,218.8543,293.9884,3170.9196,384.0674,7393.5375,4069.9797,8397.7178,0.80702,0.19298,203.3915,6.1848,130.73,0.21728,0.027678,1.2315,5.0492,8.7158,51.9433,2049.7663,263.4321,0.15652,0.053788,0.083429,-638.8734,-23.5025,193.2097,61.8226,-34.5148,22.5489,72.5192,-1225.9224,-172.6852,245.2044,-2.2733,3.3714,7.4647,0.95994,Moderate
152,183.2401,9.5459,11.2404,220.7888,219.6739,294.8362,3018.7462,335.9484,8333.9627,6711.8331,7458.3572,0.69091,0.30909,201.0225,10.5452,104.921,0.16318,0.044157,1.8784,4.1916,5.4397,24.7259,1119.5199,369.0905,0.13941,0.056693,0.083148,-591.3634,-7.95,202.0282,63.939,-31.0521,43.6899,96.7346,-1191.1229,-157.1847,253.9193,0.18,-3.4563,5.9581,2.0701,Moderate
153,202.3427,11.6921,11.8607,216.1664,264.995,285.7131,2835.6481,409.0619,7241.8331,4521.1861,6975.2362,0.65,0.35,197.5958,7.9134,124.0961,0.1557,0.054468,1.7194,7.6984,4.4463,20.4605,937.98,358.0881,0.18099,0.069737,0.08189,-596.3661,-24.5689,219.8881,74.5582,-56.3004,34.3611,95.5384,-1124.8858,-173.1085,268.6469,-2.1758,3.6728,6.5719,2.5921,Moderate
154,178.9995,6.9519,12.3206,143.0874,194.3004,306.3394,2281.5919,332.3723,7886.3176,5393.4201,5462.7323,0.81481,0.18519,184.3766,13.2996,82.3362,0.16127,0.031546,1.2686,4.8208,3.8973,0.098505,504.071,160.5795,0.16145,0.053726,0.087402,-531.5991,-15.2829,88.8029,44.2651,-23.5999,21.3118,48.3429,-768.3929,-112.3374,160.6803,-0.48152,-2.8461,5.7807,1.6286,Moderate
155,165.0587,8.9607,12.5567,177.6493,219.0913,328.4965,2166.8114,376.3719,9034.6229,2836.4055,7111.2557,0.67308,0.32692,182.1937,16.0573,110.5091,0.13439,0.033744,1.2752,4.8208,3.7731,4.4037,390.1261,148.5619,0.13734,0.057749,0.094217,-475.9026,6.6209,57.4964,31.4231,1.0002,18.1931,67.4336,-610.2026,-65.7339,133.1675,-1.2939,2.9051,5.7178,1.6348,Moderate
156,180.5341,12.8546,12.7192,173.706,180.7955,304.4828,1710.9089,146.7635,7554.0387,4911.9168,44533.4044,0.83636,0.16364,184.0406,21.3715,98.0136,0.044782,0.027382,0.80136,0.0,1.3023,5.1373,125.3399,76.1301,0.15396,0.042001,0.086385,-601.1925,-25.7272,210.2379,55.9061,-29.6349,-5.7542,33.3618,-1045.5417,-147.1145,180.4763,18.3806,1.2638,5.9669,1.6441,Moderate
157,175.217,8.3137,8.8907,257.9586,185.6387,226.0698,2878.9245,255.6963,5449.7849,5653.9798,45631.1352,0.73077,0.26923,180.4785,14.795,102.9828,0.05663,0.0080878,0.9075,6.5629,2.9362,21.4541,901.3628,280.7239,0.15552,0.049355,0.065347,-529.4301,-1.9772,115.1202,42.3097,-9.8182,19.3058,63.2379,-999.5239,-128.0138,191.2517,4.366,-4.1086,7.5827,0.92692,Moderate
158,170.6762,9.2124,10.2945,159.1937,199.6075,261.1842,2590.9446,310.344,7073.4075,2900.6507,7012.977,0.72222,0.27778,178.8287,14.9603,91.0949,0.15018,0.038412,1.5727,6.5629,4.6414,21.4541,1007.2887,325.4892,0.15021,0.053353,0.076517,-488.5678,0.36526,68.0143,32.37,-2.7868,8.5605,64.8569,-671.1516,-68.6562,133.5131,-0.27406,2.5688,5.5528,1.8757,Moderate
159,165.7987,9.2385,9.8121,164.7669,188.5719,251.2466,2580.045,233.4052,6886.7876,4719.2002,6628.0546,0.66038,0.33962,176.9748,10.251,100.8133,0.13464,0.031891,1.1758,3.6754,3.6524,14.7504,560.3696,148.818,0.13854,0.048468,0.073437,-556.1391,-0.71309,204.7224,59.0414,-22.4546,41.5621,74.5614,-1043.2156,-136.3471,210.9084,0.53582,-2.728,5.5624,1.5027,Moderate
160,164.0723,11.4344,9.7298,216.409,182.2022,254.1032,1879.8532,365.8466,6471.7896,5700.2255,9000.8569,0.67273,0.32727,172.8749,14.3428,106.6772,0.19267,0.010826,1.9099,14.1522,44.117,326.5028,9747.9877,433.6248,0.14375,0.042696,0.0712,-428.6624,16.8711,65.1232,40.0259,7.2697,36.6073,86.833,-543.9721,-77.1413,163.9743,-3.565,3.4982,7.1527,0.45818,Moderate
161,172.4683,8.6765,11.227,145.4674,186.0765,269.1092,2103.6263,285.4811,7524.6844,4848.0963,7079.7807,0.68966,0.31034,176.3246,7.9043,91.0632,0.16725,0.041576,1.361,5.5088,3.9063,0.14471,713.1507,234.5469,0.15546,0.047212,0.074432,-429.8749,9.162,58.5827,30.1109,-2.1707,34.3457,69.4924,-589.142,-58.457,127.9494,-0.11414,-2.626,5.6694,2.1165,Moderate
162,156.9285,7.1091,11.5988,142.6072,187.0337,301.3884,2079.2775,307.1939,8234.0032,1927.1834,7173.2502,0.66667,0.33333,171.2634,5.6515,104.9937,0.12012,0.028516,1.3201,3.7631,3.7908,1.6181,851.1197,270.4668,0.14391,0.048448,0.084191,-420.8905,14.7244,53.2912,29.2238,7.5529,29.0672,77.3713,-554.4072,-58.8367,136.208,-0.59765,2.5963,4.9283,1.4093,Moderate
163,171.5617,7.7876,9.9732,218.5837,196.7383,257.9242,2781.5841,303.685,6835.8188,8032.3061,38954.7927,0.69091,0.30909,175.3585,11.2435,102.754,0.090074,0.021193,2.4548,15.2875,11.9317,46.2747,3616.2027,699.8322,0.15268,0.05119,0.072078,-484.5053,-3.1034,130.2783,40.2706,-7.6009,6.9497,68.6158,-1062.2816,-121.4184,190.0342,0.11156,-0.72056,8.6675,2.209,Moderate
164,161.092,9.9854,10.4398,153.0146,190.5328,269.9278,2562.6059,353.1548,7137.1718,3203.1897,6805.3546,0.72222,0.27778,174.8234,14.9078,83.9779,0.23393,0.01908,0.83083,1.8345,6.4933,24.085,789.8458,135.7202,0.1394,0.045965,0.074759,-513.6509,-7.0109,198.3128,57.2334,-19.1269,24.4907,77.7653,-1004.232,-133.8479,211.6131,-2.6001,2.7229,8.8589,0.63156,Moderate
165,164.8008,8.8289,10.7542,157.816,183.6693,279.3395,2562.841,252.2821,7473.8722,6193.7189,7277.5777,0.69091,0.30909,172.2097,12.3165,96.9514,0.14267,0.034758,1.2682,4.9889,4.0773,19.1916,850.0213,233.3454,0.14243,0.045398,0.078099,-548.5722,-7.2006,213.6118,57.7676,-22.7703,27.6021,63.0408,-995.4686,-120.8813,183.9221,0.13808,-2.6208,5.5561,1.6779,Moderate
166,171.4068,9.8136,10.3961,149.492,168.9735,256.3062,2599.4622,326.7939,6709.8688,3478.0876,6484.4605,0.74545,0.25455,177.4432,14.4154,84.9674,0.15383,0.037921,1.0606,4.9889,3.9444,19.1916,653.1112,176.117,0.14756,0.039953,0.070475,-567.6178,-6.696,227.5124,58.6892,-22.4084,39.3189,70.2481,-1022.1125,-120.0259,190.2741,-0.015854,2.1957,5.7383,1.8112,Moderate
167,240.2948,9.2324,5.17,449.6447,188.6042,241.8451,3191.9714,196.249,6936.8202,11918.7935,57614.9099,0.91071,0.089286,191.8055,12.4561,69.1458,0.0,0.0,0.30435,2.2775,0.60223,4.5066,144.5563,73.3172,0.23658,0.046292,0.067966,-631.5335,-8.2211,160.3151,52.9309,-12.2388,11.8674,86.6991,-1045.0894,-104.2826,190.9817,4.977490909090909,4.977490909090909,4.977490909090909,4.977490909090909,Moderate
168,190.7215,7.5286,9.8183,261.3742,154.3061,256.6668,3209.9063,272.0952,7430.8479,5521.1579,8968.5897,0.83929,0.16071,204.6462,9.9753,123.1562,0.09326,0.018277,0.61301,2.2775,1.1741,4.6268,706.0604,201.9379,0.12932,0.03956,0.073094,-607.7416,-5.6634,99.482,38.8289,-9.5858,14.8204,59.8136,-848.9505,-73.6954,133.509,2.8819,2.6113,5.5532,0.5695,Moderate
169,185.7265,7.071,9.2248,144.1121,161.7888,241.7178,2866.7862,241.3664,6443.6112,4119.2697,8968.5897,0.68421,0.31579,191.1961,7.219,113.7607,0.1938,0.042593,2.4217,13.1501,9.4982,23.7402,2993.984,769.3801,0.1563,0.042686,0.069543,-568.9029,2.943,156.2344,51.8857,-9.4886,29.8783,96.7532,-1130.3934,-109.0104,205.7636,-1.5078,-2.0099,4.9319,1.9588,Moderate
170,192.0196,9.7786,9.882,121.0525,180.2008,253.5148,2848.4853,312.0578,6641.5724,3555.4068,7844.6036,0.78947,0.21053,191.3207,9.2271,118.6601,0.18016,0.045956,1.3818,5.6679,4.0769,17.3166,751.4272,248.2536,0.1761,0.045353,0.072181,-648.9815,-15.7623,210.4235,56.8649,-29.773,36.7777,78.8175,-1149.3475,-121.667,200.4845,-0.76121,2.3025,5.1679,1.9909,Moderate
171,188.8419,12.6196,9.7527,172.3379,210.7686,247.139,2108.124,379.2072,6100.1518,6722.4386,8155.6771,0.77966,0.22034,186.5278,14.6839,100.7838,0.065304,0.011312,0.50836,0.50945,1.4142,0.15218,416.894,132.4738,0.18001,0.051466,0.068925,-549.6952,-2.3944,105.069,37.3485,-6.3443,11.5819,69.0605,-803.1241,-82.5127,151.5732,-2.897,3.31,6.6823,0.32631,Moderate
172,182.8214,11.9322,10.1421,147.3837,172.2737,254.3336,2449.6539,163.6719,6787.7025,4263.0316,8466.9282,0.87719,0.12281,196.1448,14.1123,134.4701,0.17182,0.045788,1.4063,0.41216,4.2769,1.2525,787.5349,247.3884,0.15279,0.039434,0.070793,-564.9911,2.1552,110.4994,31.171,0.22092,15.9716,41.9666,-836.2587,-64.3246,106.2912,-0.55784,-2.4786,4.9213,1.8945,Moderate
173,198.9016,6.3718,9.9065,135.1949,175.6587,238.8198,2414.6551,219.1727,7436.3032,3306.1995,5793.6198,0.7619,0.2381,192.4006,8.9251,124.4877,0.1791,0.03533,2.5404,14.9572,8.7433,6.6869,2918.7814,817.408,0.17589,0.049485,0.068018,-559.9365,-13.4645,140.9091,41.6501,-21.928,13.6189,58.1096,-1009.1745,-88.6797,146.7893,-0.66847,2.1613,5.3303,1.6565,Moderate
174,166.6532,10.1341,10.3774,174.9812,157.4942,289.044,1748.5341,99.6002,6071.208,4875.7545,48764.725,0.94444,0.055556,184.6553,9.8388,118.9746,0.056903,0.020771,2.8746,19.3084,5.0464,26.8218,1307.4228,902.4608,0.14851,0.036028,0.08054,-548.2835,-2.4107,141.1334,36.5603,-2.6898,2.3344,37.0659,-928.2924,-128.1421,165.208,-3.0442,-1.1008,4.5624,1.7975,Moderate
175,153.0096,8.4625,7.8281,494.0751,122.7645,99.6503,3114.4889,189.7138,5384.5483,6988.1971,57534.0178,0.89655,0.10345,187.9676,7.5409,110.9155,0.064399,0.0052867,0.31773,1.6952,0.77867,5.839,695.8828,198.4497,0.13993,0.03176,0.031743,-610.1462,-24.8882,308.6257,76.2001,-38.0452,23.3542,69.1994,-1109.7454,-133.1727,202.3721,6.6257,-3.5949,5.8334,0.43694,Moderate
176,197.2089,10.0146,10.5263,222.6212,169.0233,251.4039,2973.7429,306.6759,7108.1991,9728.5669,50214.8196,0.77049,0.22951,192.4008,11.1659,121.1396,0.16884,0.039947,1.6671,7.9983,5.3608,28.2762,1535.122,430.6413,0.18968,0.042464,0.072567,-558.7481,1.4652,138.8945,38.8092,-2.8127,15.8267,65.9051,-1056.7169,-118.6149,184.52,-0.36099,1.9905,4.9633,1.677,Moderate
177,171.3387,6.863,9.4833,121.6002,137.3899,262.298,2738.519,162.6572,5972.5703,3588.0563,6112.827,0.88889,0.11111,190.4144,9.1315,77.0451,0.13089,0.025388,0.78429,1.2982,2.8233,11.4798,798.9603,200.7933,0.14746,0.034571,0.075676,-638.6264,-10.7968,194.0001,49.1244,-15.2119,24.5243,83.1403,-1097.1965,-106.4811,189.6214,-0.45257,-2.164,4.3422,1.0444,Moderate
178,185.253,6.097,10.1271,191.2124,143.0046,267.5434,2773.9335,225.3749,6985.9472,3604.7073,8660.678,0.78571,0.21429,194.2924,7.4381,120.928,0.17564,0.036669,1.3025,7.3471,4.9841,29.1605,1423.4762,361.8366,0.1586,0.038389,0.07704,-623.8616,-23.4635,217.9939,48.689,-37.9335,29.5928,79.7665,-1139.3393,-88.7681,168.5346,-0.85278,2.0725,4.7208,1.6994,Moderate
179,188.5411,6.8828,8.1626,223.7815,184.8774,204.4216,2149.3214,287.9114,4932.849,5018.6051,9937.0557,0.63462,0.36538,192.3943,17.4647,101.5805,0.16593,0.027623,1.1169,5.2002,4.1842,0.10082,614.5204,161.2883,0.16822,0.051484,0.058445,-549.5493,14.1405,78.5331,38.1769,-7.3172,51.4093,70.1088,-698.4608,-63.2871,133.3959,-1.1068,1.9505,5.5187,1.3503,Moderate
180,185.3122,9.9825,8.712,164.266,181.7407,228.2237,2355.6093,193.0036,6064.0576,5258.2371,6273.8053,0.55556,0.44444,191.2338,22.8105,122.7388,0.16818,0.034491,1.5086,0.84505,4.8399,1.7159,1373.7865,406.3122,0.15946,0.045882,0.067415,-513.7091,23.925,63.0932,36.5718,6.576,45.6112,88.5799,-647.9851,-66.2296,154.8095,-0.63476,-2.5133,5.7762,1.6292,Moderate
181,191.9369,6.4895,8.4237,170.3148,165.8029,202.8485,2383.2191,260.5511,5816.0921,3054.5349,6789.3757,0.61818,0.38182,194.8322,15.4611,109.6907,0.17795,0.029101,1.0919,4.4635,4.1304,0.15617,791.6441,203.6293,0.16129,0.045961,0.058489,-530.8484,15.2847,66.2444,36.2862,1.707,37.2677,75.8496,-689.3484,-70.6088,146.4584,-0.65448,2.0573,5.8979,1.4497,Moderate
182,195.019,6.2634,9.2601,224.0418,182.195,251.6776,3391.7202,312.1781,7359.2765,6967.2311,32475.8551,0.61111,0.38889,196.3292,13.5952,98.0706,0.059967,0.0041502,0.87998,6.3331,3.1518,23.6987,896.004,244.7899,0.17128,0.046481,0.065854,-557.1453,9.9275,63.2852,36.3371,2.0579,22.294,73.0951,-715.0356,-72.5457,145.6408,3.3358,-3.0524,8.1682,0.20267,Moderate
183,192.1741,10.2257,9.8387,205.8591,194.7437,275.2512,3272.2038,383.8061,7758.4361,4175.4223,9826.0381,0.61111,0.38889,198.2743,18.775,116.3671,0.16143,0.031203,1.3969,6.3331,5.006,23.6987,842.0614,211.66,0.16581,0.044039,0.072958,-548.4292,25.1509,68.9512,35.0768,14.5117,41.8698,86.543,-769.5691,-64.5827,151.1256,0.2147,2.0925,6.3811,1.3935,Moderate
184,190.4242,5.7564,8.1301,185.6913,182.9112,225.8006,3272.1335,305.5851,6903.8419,5534.3243,8280.5555,0.62264,0.37736,197.0555,12.9412,97.2578,0.16352,0.026265,1.0243,0.17021,4.6457,18.7168,532.7127,118.8998,0.16387,0.046915,0.059273,-628.8842,-5.2977,210.0861,47.8842,-23.1969,24.236,72.483,-1191.7129,-92.697,165.1801,0.011408,-2.7543,6.1986,1.3159,Moderate
185,188.7388,7.9046,9.7112,214.6696,209.2312,274.4383,3328.3875,343.89,7832.2721,2276.6521,14606.0575,0.59259,0.40741,196.8345,20.8844,118.7631,0.19739,0.042294,1.6627,6.926,5.8388,25.5228,573.2137,165.5589,0.17829,0.051304,0.073693,-581.115,3.8868,173.3018,50.3383,-8.2833,21.5887,74.9646,-1154.9579,-126.4907,201.4553,-0.74459,1.7634,7.5935,2.1767,Moderate
186,199.4584,11.3021,10.8058,240.4419,171.1848,265.1713,2529.0925,364.1561,6846.8178,5425.9168,19203.3767,0.69811,0.30189,203.0668,22.3265,98.8002,0.29524,0.011105,1.8747,13.5546,65.3004,474.7047,14105.2276,431.7256,0.17566,0.040915,0.075228,-563.7508,15.0495,74.4035,33.3081,5.4269,37.3016,83.4748,-719.7964,-57.4121,140.8869,-3.4638,2.9063,8.8939,0.52205,Moderate
187,201.794,6.1156,10.0359,190.1545,130.588,244.3803,2576.013,167.1038,6542.6967,3989.624,8504.5437,0.55556,0.44444,204.8077,12.9248,131.4169,0.1773,0.02428,1.0484,0.55447,4.8014,0.066628,1388.9349,262.05,0.17564,0.033766,0.069658,-572.5054,22.2267,63.1154,35.4059,7.4423,40.7072,82.7314,-712.4784,-69.7158,152.4472,-0.33204,-2.1736,6.8222,1.2076,Moderate
188,184.5649,5.1138,9.4119,201.7488,133.9848,246.9724,2543.273,220.2746,6822.357,3955.0914,8144.1757,0.62,0.38,201.4314,10.6486,111.6303,0.16785,0.022539,0.98233,5.5779,5.9726,0.27868,1529.3991,250.512,0.14515,0.036139,0.070475,-570.9594,25.5249,64.4096,27.826,11.6094,48.229,77.096,-718.1555,-23.0478,100.1438,-1.5474,1.3394,6.1675,1.0828,Moderate
189,206.1433,6.1248,8.0252,150.4413,156.8268,205.3015,2348.6991,196.4427,5367.3012,5284.0157,36843.5321,0.58182,0.41818,197.5473,16.2885,113.7326,0.19848,0.029085,0.99895,0.26511,4.2121,0.011859,630.406,150.4774,0.17962,0.042868,0.059331,-576.9974,11.5763,81.4463,37.9501,-1.949,30.3941,63.9756,-786.048,-61.1316,125.1072,-0.11681,-2.5952,6.83,1.4486,Moderate
190,198.6731,5.0148,8.8536,240.8391,139.4747,231.3637,3230.4727,245.4092,6059.1332,3858.6449,44512.6028,0.59615,0.40385,202.8206,10.0477,106.6393,0.060233,0.0096419,1.7922,0.86404,1.6205,11.8726,864.9469,431.9442,0.17428,0.040003,0.068331,-581.8673,16.4694,72.4572,32.4325,2.6077,36.932,70.6,-723.7595,-48.903,119.503,3.328,-3.011,8.2773,0.18559,Moderate
191,194.7156,9.1234,10.3022,181.2876,163.582,263.5162,2957.0104,305.888,6703.019,2482.2273,7065.5621,0.59259,0.40741,199.8601,15.1944,123.0121,0.16336,0.028419,1.3899,6.7646,6.1111,30.4173,1621.5513,343.9735,0.17024,0.042113,0.078417,-578.2805,21.8972,160.6693,44.9572,3.0603,49.2964,83.7453,-1189.7805,-118.7485,202.4938,0.10095,1.7208,6.5076,1.2612,Moderate
192,186.4997,5.3575,9.2404,190.4443,162.5338,216.2379,2937.4688,295.8339,6274.4104,4018.7575,6253.3735,0.62264,0.37736,194.6572,12.0016,100.7503,0.1525,0.021299,0.94538,0.84078,4.9125,27.443,938.8277,211.99,0.15304,0.047354,0.062878,-585.8417,-10.8056,184.9424,42.6765,-25.5246,13.4807,72.3426,-1184.3239,-88.8491,161.1917,0.95647,-2.8153,5.9666,1.0704,Moderate
193,193.7383,7.2637,8.8851,231.9472,158.6929,221.351,2282.1187,269.2112,5761.0246,5233.3999,10840.6035,0.64151,0.35849,196.6686,13.2538,95.5227,0.062501,0.0029023,0.19574,0.2335,0.69281,0.2295,761.4883,188.0554,0.17569,0.040799,0.06132,-555.3467,16.4858,76.3222,37.7495,7.2308,33.0475,83.7673,-707.214,-67.1946,150.9618,-3.7437,2.3189,7.9716,0.54567,Moderate
194,185.0569,6.1583,8.5747,183.5342,187.55,236.942,2468.2837,313.7031,6277.7203,5489.0475,10254.0651,0.60377,0.39623,193.0383,15.8547,107.5855,0.16134,0.027698,1.3105,1.6272,4.9843,0.11686,1363.5367,339.4024,0.15603,0.051875,0.067418,-533.8659,2.4969,63.9887,35.2092,-9.0282,20.0588,55.2137,-686.5175,-65.1414,120.3551,-0.6664,-2.9868,5.9266,1.3878,Moderate
195,184.2152,9.8807,10.0186,190.0751,210.6715,248.8535,2369.375,362.6214,7118.3373,2813.4127,7809.3305,0.61818,0.38182,191.7362,15.5312,98.95,0.15404,0.035046,1.2088,6.0643,4.4181,0.35087,980.0608,261.3552,0.1629,0.053416,0.069617,-499.3411,12.6515,64.3561,30.1165,5.0333,24.9857,78.8558,-644.3402,-64.7956,143.6513,-0.7774,2.3053,5.8793,1.5834,Moderate
196,188.0236,10.1856,8.8895,152.9337,187.4331,227.879,2433.5201,183.5092,5997.7422,5006.1335,23873.8208,0.6,0.4,191.2188,16.8391,114.1228,0.15291,0.036713,2.066,11.2727,4.4879,8.9547,913.8546,536.0668,0.17591,0.045764,0.064271,-511.7901,13.4076,63.742,35.5178,9.6157,19.0954,82.5086,-690.843,-71.4352,153.9437,-1.6372,-2.9919,5.4243,1.6684,Moderate
197,198.0703,13.074,11.8476,213.4369,221.453,312.1641,2133.6009,404.0792,7005.1464,6443.1792,9317.6296,0.89474,0.10526,202.2328,7.0214,92.7165,0.058055,0.0072947,0.17559,0.41917,0.566,0.010476,1131.5628,371.3854,0.20022,0.053481,0.088915,-613.1034,-8.7905,140.2124,47.4507,-15.5702,48.8364,63.4918,-958.0582,-121.419,184.9108,-2.4408,3.9492,8.1816,0.55274,Good
198,203.2613,11.7502,14.9622,238.637,212.1074,319.6963,2583.2943,287.703,8764.225,5881.9537,9819.6698,0.78571,0.21429,210.8284,13.1089,131.1338,0.19635,0.050966,2.0425,1.822,6.2137,5.4574,2088.7719,683.2334,0.16378,0.051301,0.087195,-632.3511,-10.6793,120.3679,54.6628,-22.2367,31.6979,103.3025,-1105.6085,-150.2549,253.5574,-0.16165,-3.5674,6.9782,2.3508,Good
199,204.2512,10.2924,11.2079,197.3398,203.9513,288.3998,2688.1774,345.154,7114.5795,3109.4808,7747.6578,0.87273,0.12727,208.4906,8.8985,107.9765,0.18322,0.046738,3.4642,22.8902,11.181,8.1132,3620.3851,1123.8226,0.18245,0.05065,0.080312,-697.9421,-13.0987,144.5401,44.723,-15.4118,2.7626,39.969,-1073.2739,-114.8382,154.8072,-0.65988,2.8563,7.6571,2.2276,Good
200,208.2741,10.3479,11.9667,204.7013,201.7909,305.1517,2787.1331,232.9302,8580.0469,5279.053,21744.3416,0.74074,0.25926,211.9158,11.4817,133.3489,0.11658,0.030754,3.3731,17.8801,9.9249,44.1504,3080.0496,1063.6605,0.183,0.049562,0.084831,-683.2047,-6.5874,143.5924,52.6865,-20.8807,34.2504,83.3088,-1226.15,-139.9389,223.2477,1.4275,-0.42568,9.0911,3.2575,Good
201,203.1151,13.8028,11.4201,216.5496,229.0679,281.0872,3247.4043,438.233,7531.7153,3391.8121,9494.0493,0.76786,0.23214,210.4626,13.9995,125.1553,0.1759,0.048858,1.9871,9.5995,6.2712,31.7144,1551.6205,454.7181,0.17586,0.054015,0.077809,-699.7874,-24.5726,224.7968,66.8191,-35.3098,10.9429,95.1696,-1272.1784,-173.5468,268.7164,-0.52795,3.0103,6.8752,2.1231,Good
202,195.5089,7.9921,11.1968,225.1882,194.4369,314.3749,3263.5161,307.9326,8304.924,7108.7775,9152.4495,0.87037,0.12963,209.9253,7.5409,102.7735,0.17114,0.040514,1.4449,0.14256,5.3666,24.4602,629.0441,168.7597,0.15658,0.050161,0.088529,-716.8718,-34.69,219.7099,56.3758,-38.7949,-7.1283,39.1999,-1280.8603,-139.5435,178.7434,-0.27927,-3.113,6.5628,1.9374,Good
203,203.6869,11.2459,12.2937,224.4883,253.9724,315.7053,3246.6578,382.6805,9058.2145,4496.3824,9603.5144,0.66667,0.33333,208.7505,15.5784,120.7312,0.72561,0.0277,3.3867,24.1111,53.2002,0.25159,17301.003,1232.7039,0.1832,0.065714,0.088019,-657.1887,-18.2409,222.4542,64.6023,-42.0823,29.4418,79.7826,-1257.6814,-146.9311,226.7138,-16.2855,-5.0882,2.7463,0.98413,Good
204,196.6743,9.9346,11.6101,218.4552,176.8689,277.8634,2533.5192,232.4227,7596.3716,4223.1073,8680.2346,0.66667,0.33333,206.2134,9.2662,120.1395,0.19465,0.044838,1.4004,0.17393,5.2366,0.098668,1247.6888,332.4317,0.1555,0.044564,0.079029,-590.4656,11.1452,70.6865,42.0947,1.0177,31.4004,90.7593,-755.5456,-95.0871,185.8464,-0.32113,-2.9742,6.9012,2.0901,Good
205,203.1504,7.2682,8.9156,418.2701,201.9901,214.5172,1545.1936,280.5567,4939.0147,3339.9854,52665.0665,0.83636,0.16364,201.2233,9.9217,110.5306,0.19134,0.041666,1.334,6.685,5.0413,0.166,1039.8295,283.7143,0.19877,0.057037,0.063996,-664.0875,-22.9431,151.2213,52.8979,-31.4404,16.7109,43.3394,-1075.2882,-135.4897,178.8291,-0.095862,2.4106,6.4215,2.1281,Good
206,202.1939,11.2418,11.7695,496.1827,182.3722,247.7464,1283.9518,235.636,6432.5401,7101.1765,61626.9344,0.8,0.2,204.547,13.0454,127.1659,0.17878,0.056504,3.6108,23.2373,5.3346,11.6865,1246.1258,1045.1934,0.28532,0.046273,0.072734,-607.535,-19.8412,243.9777,49.3903,-34.1978,31.0596,82.2182,-934.8122,-114.8523,197.0705,-0.79813,-3.5754,6.2736,2.5208,Good
207,209.4774,13.2453,12.2939,193.8415,235.6367,285.8928,2307.7518,232.3347,7596.2522,6235.8658,47846.6693,0.64286,0.35714,211.3192,16.8533,114.3252,0.17509,0.052599,1.632,0.26571,5.2897,0.20521,1173.1988,357.0301,0.1822,0.058809,0.081056,-613.3587,0.83541,107.2024,50.0476,-9.5758,19.5756,94.6259,-948.1401,-109.1158,203.7416,0.33939,-3.7624,7.2841,2.3362,Good
208,203.9682,12.1198,11.3279,191.2016,221.045,277.8531,3077.0549,379.1318,7472.694,4353.2151,8469.2862,0.73214,0.26786,208.6759,16.7166,109.079,0.17819,0.047339,1.8523,10.8219,6.2204,37.273,1861.9893,528.4389,0.18291,0.057048,0.081063,-707.4101,-15.4733,225.0305,64.3444,-34.4652,36.4379,80.9526,-1259.5828,-150.3837,231.3363,-0.75227,2.9914,6.7182,2.1077,Good
209,198.3559,10.5154,11.3603,225.1837,181.2979,287.4349,3137.3102,236.3829,7432.8386,8538.4161,9214.5742,0.87273,0.12727,208.3466,4.5906,135.06,0.83147,0.039806,3.3075,20.9718,52.1684,31.5599,16065.5561,1004.5473,0.16251,0.045523,0.084096,-720.6743,-19.0127,217.2879,55.5543,-24.3512,17.5942,58.5751,-1282.2131,-154.2313,212.8064,-0.4169,-2.1858,5.6444,2.0651,Good
210,202.3804,8.4744,11.2237,257.1981,197.6282,251.0441,3186.2685,305.4489,6491.5773,4267.8297,8320.6516,0.64815,0.35185,204.6403,6.2642,109.5544,0.0,0.0,0.0,0.0,0.0,0.0,0.0,0.0,0.148,0.053964,0.072291,-675.2991,-17.0256,230.6587,56.4997,-37.6958,21.051,60.3332,-1299.3236,-122.1742,182.5074,7.639482352941176,7.639482352941176,7.639482352941176,7.639482352941176,Good
211,208.7081,7.6708,10.1108,272.6587,192.7377,268.3703,2118.3005,291.4841,6044.1721,5951.6816,10825.9711,0.74074,0.25926,205.9329,7.8343,108.5353,0.26389,0.010402,2.4115,16.7924,59.9947,439.4054,13109.9826,540.6769,0.19991,0.053102,0.078204,-657.2725,1.5296,120.4499,51.9563,-16.6302,53.4148,95.6681,-980.8343,-116.0583,211.7265,-3.326,3.6275,8.3074,0.4605,Good
212,194.1899,9.5699,11.757,201.7011,210.6798,312.7706,2555.5615,312.2975,9155.336,4950.0652,8400.3281,0.64151,0.35849,207.7095,11.9712,127.1185,0.16721,0.044105,1.5381,1.0805,5.1172,0.14373,1307.2055,396.4002,0.1686,0.05545,0.090753,-590.307,5.5854,64.7671,43.8658,-9.133,31.9236,91.1156,-750.3225,-94.0194,185.135,-0.2154,-3.9535,6.315,2.0499,Good
213,202.6935,10.3621,10.6855,657.6252,191.7942,258.9605,538.4031,366.7579,5210.1569,7995.6736,59677.8634,0.81818,0.18182,207.7343,8.9889,112.8257,0.17307,0.049057,2.3358,11.9557,7.2508,2.4873,1978.9826,631.8724,0.16986,0.048074,0.077565,-570.2908,-7.745,174.2125,39.8542,-14.3705,20.9652,98.9533,-839.7535,-74.5558,173.5091,0.055454,2.8419,6.823,2.3824,Good
214,183.2282,8.1474,10.9656,707.5601,122.6184,247.8233,624.1776,74.1513,6341.7336,5529.2553,52954.7677,0.8,0.2,212.0425,9.131,138.1226,0.16794,0.040085,4.7109,19.9579,13.0606,25.7953,3830.5416,1408.566,0.22044,0.03192,0.068201,-604.843,-20.0458,181.317,38.2253,-23.1538,104.2753,104.2753,-780.8716,-71.624,175.8993,-1.8534,-1.374,11.5312,4.1669,Good
215,203.1263,6.7272,13.1994,229.6323,157.7553,332.291,3197.1411,236.5705,7611.4731,5198.2087,53993.3847,0.73,0.27,209.1819,11.3099,85.4575,0.13234,0.027377,3.6398,9.1164,14.6222,138.7499,8140.8939,1985.0441,0.20224,0.021661,0.051288,-224.82,-7.2238,105.5405,49.8838,-26.8541,45.8504,87.2852,-461.6339,-84.3601,171.6453,1.3584,-3.4919,8.2098,1.4045,Bad
216,195.3784,7.1602,13.2025,160.358,165.6253,330.8033,3026.1164,288.0409,8842.452,2499.5382,8412.2528,0.76238,0.23762,207.3985,10.3239,108.6828,0.14282,0.029983,1.3358,9.1164,4.7615,32.3252,2318.147,574.6783,0.18428,0.021863,0.051446,-308.9447,-14.987,223.3327,58.8368,-41.526,70.1588,97.9466,-826.9805,-98.206,196.1526,-0.029205,2.7831,6.5024,1.4457,Bad
217,194.4048,8.6451,12.9124,188.427,171.9865,333.9269,3068.915,242.3585,8527.4617,4806.2559,8562.922,0.71287,0.28713,209.3439,9.5647,93.0578,0.15679,0.035285,1.5754,4.8482,6.766,53.7881,2893.0639,658.634,0.17681,0.021431,0.052592,-261.6429,-7.1717,187.2851,55.072,-29.3024,47.7737,97.9929,-834.7573,-101.5921,199.585,0.46313,-3.0542,6.6715,1.6413,Bad
218,212.2556,10.0485,14.4858,132.0653,163.7175,357.413,3040.7666,325.7192,8846.7739,3338.7739,6949.6227,0.99048,0.0095238,213.7421,16.8553,92.433,0.16291,0.036569,1.4059,8.2824,5.5367,32.4073,1818.0721,465.7177,0.20687,0.018557,0.055904,-479.9361,-39.1925,251.3313,32.2766,-40.1903,64.5761,64.5761,-834.302,-104.437,169.0131,-0.4494,2.651,7.1025,1.6624,Bad
219,162.9349,3.9879,11.7897,290.0581,151.2329,381.5911,1597.4957,165.358,8589.5779,3613.5192,7077.7354,0.74,0.26,214.6185,15.1269,102.3976,0.058827,0.012532,1.4515,0.54031,4.7366,0.18127,1929.6171,566.6685,0.19096,0.024042,0.060924,-245.0451,-10.0384,140.5069,50.835,-29.5574,51.6003,91.0098,-485.4474,-90.9634,181.9732,-0.30193,3.5759,6.9565,0.38701,Bad
220,197.8917,8.2053,13.442,166.2884,190.5835,342.4886,2612.5888,261.9147,8977.62,5210.1293,6839.8994,0.86869,0.13131,212.4724,9.9874,90.6151,0.14301,0.032336,1.4265,2.8335,4.9253,3.2551,2586.0639,660.1696,0.18517,0.025328,0.054277,-281.9365,-31.5658,141.3211,40.3126,-40.4822,27.4195,77.7393,-599.1153,-87.7525,165.4918,-0.24375,-3.7148,6.4524,1.5105,Bad
221,197.549,9.9992,14.2797,196.0121,172.9192,346.8462,2525.0687,323.2471,8858.9125,3751.8978,8299.2097,0.85149,0.14851,211.3162,12.1358,119.2056,0.15783,0.03626,1.6869,12.7517,6.8374,10.2179,2535.6304,624.5121,0.17667,0.020752,0.054575,-258.6855,-7.0972,131.6158,35.3867,-17.4815,52.4396,84.2758,-554.3533,-60.2517,144.5275,-0.84707,2.417,6.8639,1.6599,Bad
222,195.7779,8.0302,12.0028,470.4816,119.2285,284.9146,554.9142,56.4088,7767.4174,4356.4182,52221.396,0.86,0.14,204.0286,5.1996,97.7939,0.018567,0.01638,0.9928,0.9633,1.1566,1.1444,561.6011,488.2745,0.15804,0.012382,0.044219,-294.4869,-16.2222,206.9985,39.3948,-27.1394,55.1594,100.2865,-803.7965,-81.3126,181.5991,13.8391,0.8865,1.5127,1.0641,Bad
224,94.9465,3.5306,10.2345,1148.6511,143.6662,191.6907,7907.2394,9.099,25310.8832,6785.5581,325530.3958,0.80198,0.19802,213.4206,14.1615,103.5288,0.18025,0.034896,3.3194,21.771,12.89,84.0554,11360.0749,2940.6917,0.15778,0.012935,0.020009,-312.1864,-19.4151,123.3902,69.4066,-53.2871,17.844,89.2415,-563.6627,-88.6339,177.8754,-5.5196,3.5354,5.3285,0.25122,Bad
225,198.3637,7.2096,11.8353,900.5561,272.8948,754.4769,6935.8353,519.0599,44345.6469,33143.9451,307304.6955,0.70297,0.29703,218.2298,12.7316,90.8566,0.19046,0.041452,3.0416,7.5611,12.3532,47.5096,11652.6232,2836.257,0.23075,0.016188,0.053755,-213.231,9.7788,134.4998,59.0935,-26.6276,83.8051,105.2908,-460.1222,-94.5785,199.8693,-0.58395,-3.0043,8.7818,2.1348,Bad
226,214.3194,9.3681,14.1218,339.6053,364.3404,783.2732,7204.7864,709.3469,46169.1938,20993.0038,38069.2295,0.68571,0.31429,219.7459,9.7852,102.2194,0.18041,0.03222,4.7934,35.5968,19.8048,145.9745,21225.9274,4941.5137,0.20319,0.018655,0.05355,-274.6567,-0.7235,204.8696,62.1002,-33.879,71.6157,105.8911,-874.2279,-99.377,205.2681,0.17534,2.2602,6.797,1.4891,Bad
227,195.9275,5.7438,13.3757,416.0396,408.0119,752.1914,7176.9378,726.0573,42520.4165,31075.6709,54009.4688,0.76768,0.23232,210.1003,10.9096,64.2553,0.13459,0.024804,2.0745,12.4249,8.6529,43.3323,11566.9061,3231.7387,0.1902,0.027679,0.050375,-297.6564,-28.4008,203.8536,52.3317,-44.467,24.6878,91.5606,-842.0316,-90.5222,182.0828,0.50787,-3.2461,6.6232,1.3064,Bad
228,204.4559,9.6217,14.617,185.8826,194.2721,363.0721,2546.8394,286.4772,8999.5386,4612.5714,7006.3461,0.83178,0.16822,214.396,9.9572,95.6088,0.14856,0.037109,2.3224,13.484,8.3835,4.4619,3572.2911,928.1576,0.19232,0.024356,0.057087,-250.8298,-11.8618,134.5159,42.2186,-24.208,49.1832,100.054,-563.2613,-92.5289,192.5829,-0.14375,-3.4825,7.4352,1.7013,Bad
229,205.881,11.2548,13.4476,166.0046,173.488,323.1019,2662.65,351.875,8217.8166,3453.2102,8680.3636,0.73077,0.26923,217.5294,12.3819,110.4974,0.14666,0.029841,1.4482,8.974,5.6462,9.6189,2524.9009,631.782,0.1915,0.018583,0.049047,-216.393,12.2403,100.725,47.1036,-11.7649,77.3973,101.9814,-459.4543,-77.8578,179.8392,-0.96978,2.7787,7.1681,1.281,Bad
230,203.9272,7.1901,11.2164,294.8457,136.8088,279.8725,1553.3411,102.4322,7396.1528,5855.1381,54504.8244,0.78218,0.21782,211.9677,13.6458,98.1723,0.16172,0.02791,1.5463,0.27138,6.652,0.86462,2807.5536,656.9475,0.17556,0.01612,0.042717,-251.6504,-5.887,167.196,49.4333,-27.6506,72.264,96.9689,-836.2478,-87.6954,184.6643,-0.47146,-2.5188,6.8956,1.3291,Bad
231,210.9849,8.7539,13.5902,250.3277,195.4437,327.6369,3484.6358,262.0655,7931.405,8177.0661,40728.6323,0.72549,0.27451,214.622,13.9121,93.1619,0.13887,0.029578,4.4341,15.7384,16.775,149.3455,9549.7055,2479.5037,0.18907,0.025107,0.048521,-233.8258,-9.3804,97.7645,50.2052,-28.2481,40.484,89.9742,-467.9395,-82.9573,172.9314,1.8271,-3.7475,8.6494,1.4793,Bad
232,197.2955,8.2329,12.8357,167.3679,167.286,351.4786,3134.8714,306.2302,9483.1779,3712.8801,8926.3268,0.72549,0.27451,210.6307,10.3819,111.222,0.13909,0.027742,2.1074,15.7384,8.5224,59.2957,3572.6468,815.2149,0.18665,0.020039,0.05501,-269.7095,-3.6948,198.6205,55.7636,-28.5694,62.0453,97.5407,-826.2846,-100.6416,198.1823,-0.27271,2.4346,6.568,1.2593,Bad
233,206.808,7.3722,14.5808,178.3683,169.2696,348.0873,3238.3736,236.4021,8989.8996,5335.6648,9445.1661,0.76699,0.23301,215.443,9.0792,90.0732,0.16183,0.030813,1.3684,5.0765,6.6534,55.3576,2962.6017,647.4027,0.20533,0.021708,0.051677,-325.5557,-11.1071,226.7269,56.3896,-35.1611,68.0707,100.5997,-853.819,-91.9028,192.5025,-0.023022,-2.8456,6.9246,1.4494,Bad
234,40.9877,3.4867,0.83138,468.9548,24.929,115.8979,3224.0591,251.319,3657.3956,3333.7998,-3006.7689,1.0,0.0,212.4392,9.7749,113.412,0.15084,0.031796,1.8014,15.8952,7.1334,62.9862,3357.6539,851.3468,0.034351,0.002416,0.016677,-760.2387,-77.6906,48.2544,3.6287,-77.6906,6.464379166666666,-69.8623,-799.6288,-81.9469,12.0846,0.64597,0.39686,7.043,2.0159,Bad
235,196.2576,8.1508,12.0248,183.2722,133.2732,322.4783,2617.5562,164.6746,8919.7429,4439.3579,7914.5967,0.69608,0.30392,210.1593,8.3019,99.1614,0.15451,0.029366,1.3904,2.0866,6.7622,9.9095,3078.1632,626.8479,0.18056,0.014589,0.049769,-198.0212,15.0765,93.1733,45.853,-12.6394,78.5549,101.0319,-421.6472,-60.4688,161.5007,-0.63327,-2.6825,6.6425,1.3403,Bad
236,202.762,6.6328,12.4948,309.3077,117.1623,285.1712,1582.4703,234.6078,7708.0168,4200.3028,58884.9345,0.70874,0.29126,211.9191,8.3595,117.7919,0.12566,0.020671,1.6513,11.0357,28.5142,53.6649,14991.2697,1224.631,0.17507,0.013163,0.041185,-293.8599,0.89735,216.3356,49.0739,-19.8715,64.0692,97.3377,-835.8001,-93.8197,191.1574,9.9974,0.49284,10.8404,1.218,Bad
238,189.9468,6.5295,11.1679,493.1129,166.0467,309.0575,3363.8138,284.0449,6629.0489,3800.7091,59065.9002,0.78218,0.21782,210.2205,8.5954,100.2394,0.1653,0.029914,1.6502,12.9727,6.5608,51.5739,3082.8232,778.1809,0.18365,0.020976,0.045762,-303.3342,-15.0344,219.656,55.5123,-42.6423,81.5931,95.1069,-871.1917,-85.3682,180.4752,0.088377,2.5296,6.108,1.4901,Bad
239,198.6291,9.1566,13.9769,238.5104,188.2197,350.6784,3235.4031,275.7641,9160.0439,6294.9172,9330.7225,0.70755,0.29245,210.869,13.0974,110.9346,0.1731,0.038062,1.5017,2.3492,6.7452,56.0953,3069.0014,692.1711,0.17405,0.022641,0.052217,-248.197,-2.8253,192.3341,55.6567,-31.0172,65.3809,92.1528,-830.7165,-101.6012,193.754,0.38114,-2.8836,6.6745,1.7882,Bad
240,118.2797,10.0654,12.2657,458.0812,96.6099,180.9258,3120.9409,344.0363,7431.6762,3616.9089,8214.1787,1.0,0.0,204.8522,10.8787,96.8631,0.15174,0.035148,1.6115,11.4323,6.1392,44.1169,2757.3543,720.0814,0.07845,0.0073649,0.033708,-646.6052,-80.2918,205.3975,25.5885,-80.2918,6.464379166666666,9.8575,-818.929,-99.5458,109.4033,3.6186,1.9591,5.0475,1.9663,Bad
